tôm rang,rau muống luộc
tôm rang,ngao hấp
tôm rang,nước mắm tỏi ớt
rau muống luộc,ngao hấp
rau muống luộc,nước mắm tỏi ớt
ngao hấp,nước mắm tỏi ớt
tôm chiên tỏi ớt,bò xào thập cẩm
tôm chiên tỏi ớt,canh khoai sọ hầm xương
tôm chiên tỏi ớt,rau củ quả luộc chấm muối vừng
bò xào thập cẩm,canh khoai sọ hầm xương
bò xào thập cẩm,rau củ quả luộc chấm muối vừng
canh khoai sọ hầm xương,rau củ quả luộc chấm muối vừng
mực nhồi thịt chiên,thịt lợn kho tàu
mực nhồi thịt chiên,canh ngao chua
mực nhồi thịt chiên,rau muống luộc
thịt lợn kho tàu,canh ngao chua
thịt lợn kho tàu,rau muống luộc
canh ngao chua,rau muống luộc
bò xào cần tỏi,cá om chua
bò xào cần tỏi,đỗ luộc
bò xào cần tỏi,đậu phụ luộc
cá om chua,đỗ luộc
cá om chua,đậu phụ luộc
đỗ luộc,đậu phụ luộc
đậu sốt cà chua,mực trứng chiên giòn
đậu sốt cà chua,rau muống luộc
đậu sốt cà chua,tôm hấp mướp
mực trứng chiên giòn,rau muống luộc
mực trứng chiên giòn,tôm hấp mướp
rau muống luộc,tôm hấp mướp
thịt chân giò luộc,cá rô rán
thịt chân giò luộc,đậu bắp xào tỏi
thịt chân giò luộc,rau muống luộc
cá rô rán,đậu bắp xào tỏi
cá rô rán,rau muống luộc
đậu bắp xào tỏi,rau muống luộc
hoa thiên lý xào thịt bò,cá rô chiên xù
hoa thiên lý xào thịt bò,dưa xào
hoa thiên lý xào thịt bò,đỗ luộc
cá rô chiên xù,dưa xào
cá rô chiên xù,đỗ luộc
dưa xào,đỗ luộc
bò xào đậu,rau muống xào tỏi
bò xào đậu,ngao hấp sả
bò xào đậu,bí xanh luộc
rau muống xào tỏi,ngao hấp sả
rau muống xào tỏi,bí xanh luộc
ngao hấp sả,bí xanh luộc
cá hồi kho tiêu,cà tím tẩm bột chiên
cá hồi kho tiêu,măng tây xào bơ tỏi
cá hồi kho tiêu,rau muống luộc
cà tím tẩm bột chiên,măng tây xào bơ tỏi
cà tím tẩm bột chiên,rau muống luộc
măng tây xào bơ tỏi,rau muống luộc
tôm chiên xù,bắp cải luộc
tôm chiên xù,lạc rang
tôm chiên xù,canh hoa thiên lý nấu cua
bắp cải luộc,lạc rang
bắp cải luộc,canh hoa thiên lý nấu cua
lạc rang,canh hoa thiên lý nấu cua
cá rô chiên,đậu sốt cà chua
cá rô chiên,rau muống luộc
cá rô chiên,canh rau chua
đậu sốt cà chua,rau muống luộc
đậu sốt cà chua,canh rau chua
rau muống luộc,canh rau chua
bò xào lúc lắc,trứng cút xào chua ngọt
bò xào lúc lắc,canh bí nấu tôm
bò xào lúc lắc,rau củ quả luộc
trứng cút xào chua ngọt,canh bí nấu tôm
trứng cút xào chua ngọt,rau củ quả luộc
canh bí nấu tôm,rau củ quả luộc
sườn xào chua ngọt,măng xào
sườn xào chua ngọt,canh bí nấu thịt gà
sườn xào chua ngọt,dưa chuột chẻ
măng xào,canh bí nấu thịt gà
măng xào,dưa chuột chẻ
canh bí nấu thịt gà,dưa chuột chẻ
mực chiên xù,ốc om chuối đậu
mực chiên xù,canh ngao chua
mực chiên xù,dưa chuột chẻ
ốc om chuối đậu,canh ngao chua
ốc om chuối đậu,dưa chuột chẻ
canh ngao chua,dưa chuột chẻ
thịt ba chỉ rang cháy cạnh,cà tím xào
thịt ba chỉ rang cháy cạnh,canh khoai sọ nấu thịt gà
thịt ba chỉ rang cháy cạnh,đậu phụ luộc
cà tím xào,canh khoai sọ nấu thịt gà
cà tím xào,đậu phụ luộc
canh khoai sọ nấu thịt gà,đậu phụ luộc
tôm hấp sả,rau muống xào tỏi
tôm hấp sả,canh rau mồng tơi nấu ngao
tôm hấp sả,cà dầm nước mắm
rau muống xào tỏi,canh rau mồng tơi nấu ngao
rau muống xào tỏi,cà dầm nước mắm
canh rau mồng tơi nấu ngao,cà dầm nước mắm
cá rô phi chiên ròn,thịt bò hấp xả
cá rô phi chiên ròn,rau muống xào tỏi
cá rô phi chiên ròn,bí xanh luộc
thịt bò hấp xả,rau muống xào tỏi
thịt bò hấp xả,bí xanh luộc
rau muống xào tỏi,bí xanh luộc
thịt lợn xào sả ớt,canh dưa thịt bò
thịt lợn xào sả ớt,rau bắp cải luộc
thịt lợn xào sả ớt,nước mắm dầm trứng
canh dưa thịt bò,rau bắp cải luộc
canh dưa thịt bò,nước mắm dầm trứng
rau bắp cải luộc,nước mắm dầm trứng
gà hấp lá chanh,canh khoai sọ nấu xương
gà hấp lá chanh,rau muống luộc
gà hấp lá chanh,nước mắm tỏi ớt
canh khoai sọ nấu xương,rau muống luộc
canh khoai sọ nấu xương,nước mắm tỏi ớt
rau muống luộc,nước mắm tỏi ớt
bê xào xả ớt,tôm chiên xả
bê xào xả ớt,rau củ quả luộc
bê xào xả ớt,canh khoai sọ hầm xương
tôm chiên xả,rau củ quả luộc
tôm chiên xả,canh khoai sọ hầm xương
rau củ quả luộc,canh khoai sọ hầm xương
cá chép xào dưa,trứng chiên cuộn
cá chép xào dưa,rau muống luộc
cá chép xào dưa,bí xanh luộc
trứng chiên cuộn,rau muống luộc
trứng chiên cuộn,bí xanh luộc
rau muống luộc,bí xanh luộc
đậu phụ rán,tôm cuốn khoai tây chiên giòn
đậu phụ rán,dưa xào cà chua
đậu phụ rán,rau muống luộc
tôm cuốn khoai tây chiên giòn,dưa xào cà chua
tôm cuốn khoai tây chiên giòn,rau muống luộc
dưa xào cà chua,rau muống luộc
tôm chiên sả ớt,canh dưa thịt bò
tôm chiên sả ớt,rau muống luộc
tôm chiên sả ớt,dưa chuột chẻ
canh dưa thịt bò,rau muống luộc
canh dưa thịt bò,dưa chuột chẻ
rau muống luộc,dưa chuột chẻ
thịt lợn rang sả ớt,canh măng chua
thịt lợn rang sả ớt,canh bầu nấu tôm
canh măng chua,canh bầu nấu tôm
ốc om chuối đậu,thịt ba chỉ rang cháy cạnh
ốc om chuối đậu,rau cải chíp luộc
thịt ba chỉ rang cháy cạnh,rau cải chíp luộc
chả tôm cuốn sả,đậu phụ sốt cà chua
chả tôm cuốn sả,rau muống luộc
đậu phụ sốt cà chua,rau muống luộc
vịt om sấu,đậu phụ luộc
vịt om sấu,rau muống xào tỏi
vịt om sấu,canh rau muống cà chua
đậu phụ luộc,rau muống xào tỏi
đậu phụ luộc,canh rau muống cà chua
rau muống xào tỏi,canh rau muống cà chua
bò xào thập cẩm,thịt kho trứng cút
bò xào thập cẩm,rau muống luộc
bò xào thập cẩm,canh rau muống chua
thịt kho trứng cút,rau muống luộc
thịt kho trứng cút,canh rau muống chua
rau muống luộc,canh rau muống chua
cá kho thịt,canh rau cải nấu thịt băm
cá kho thịt,rau muống luộc
cá kho thịt,nước rau muống chua
canh rau cải nấu thịt băm,rau muống luộc
canh rau cải nấu thịt băm,nước rau muống chua
rau muống luộc,nước rau muống chua
đỗ xào thịt bò,thịt chân giò luộc
đỗ xào thịt bò,canh rau đay mướp
đỗ xào thịt bò,canh dưa chua
thịt chân giò luộc,canh rau đay mướp
thịt chân giò luộc,canh dưa chua
canh rau đay mướp,canh dưa chua
gà xiên que,rau cải xào thịt bò
gà xiên que,canh bí nấu xương
gà xiên que,đậu phụ
gà xiên que,cà pháo
rau cải xào thịt bò,canh bí nấu xương
rau cải xào thịt bò,đậu phụ
rau cải xào thịt bò,cà pháo
canh bí nấu xương,đậu phụ
canh bí nấu xương,cà pháo
đậu phụ,cà pháo
cá hấp xì dầu,bí đao cuộn thịt
cá hấp xì dầu,rau muống luộc
cá hấp xì dầu,nước rau muống chua
bí đao cuộn thịt,rau muống luộc
bí đao cuộn thịt,nước rau muống chua
rau muống luộc,nước rau muống chua
ba rọi heo cuốn rau củ,trứng tráng cuộn
ba rọi heo cuốn rau củ,canh măng nấu móng giò
ba rọi heo cuốn rau củ,rau muống xào
trứng tráng cuộn,canh măng nấu móng giò
trứng tráng cuộn,rau muống xào
canh măng nấu móng giò,rau muống xào
mực trứng hấp xả,đậu phụ rán
mực trứng hấp xả,hoa bí xào tỏi
mực trứng hấp xả,canh rau cải nấu thịt
đậu phụ rán,hoa bí xào tỏi
đậu phụ rán,canh rau cải nấu thịt
hoa bí xào tỏi,canh rau cải nấu thịt
sườn xào chua ngọt,tai heo luộc
sườn xào chua ngọt,nộm xoài xanh
sườn xào chua ngọt,canh rau ngót thịt băm
tai heo luộc,nộm xoài xanh
tai heo luộc,canh rau ngót thịt băm
nộm xoài xanh,canh rau ngót thịt băm
mướp xào tim lợn,lưỡi lợn xào thập cẩm
mướp xào tim lợn,canh cải thảo thịt bò
mướp xào tim lợn,đậu phụ sống
lưỡi lợn xào thập cẩm,canh cải thảo thịt bò
lưỡi lợn xào thập cẩm,đậu phụ sống
canh cải thảo thịt bò,đậu phụ sống
cá kho,hoa thiên lý xào thịt bò
cá kho,khoai tây chiên
cá kho,canh cải thảo giá đỗ
hoa thiên lý xào thịt bò,khoai tây chiên
hoa thiên lý xào thịt bò,canh cải thảo giá đỗ
khoai tây chiên,canh cải thảo giá đỗ
cánh gà chiên bơ,thịt xông khói
cánh gà chiên bơ,bắp cải luộc
cánh gà chiên bơ,canh bầu nấu tôm
thịt xông khói,bắp cải luộc
thịt xông khói,canh bầu nấu tôm
bắp cải luộc,canh bầu nấu tôm
thịt áp chảo,ngồng cảo xào tỏi
thịt áp chảo,đậu non sốt chanh leo
thịt áp chảo,canh ngao nấm kim cải thảo
ngồng cảo xào tỏi,đậu non sốt chanh leo
ngồng cảo xào tỏi,canh ngao nấm kim cải thảo
đậu non sốt chanh leo,canh ngao nấm kim cải thảo
sườn sốt cam,mướp hương xào nấm
sườn sốt cam,trứng ốp lết
sườn sốt cam,canh bí nấu xương
mướp hương xào nấm,trứng ốp lết
mướp hương xào nấm,canh bí nấu xương
trứng ốp lết,canh bí nấu xương
chả đậu,gà om xì dầu
chả đậu,canh mướp nấu thịt
chả đậu,súp lơ luộc
gà om xì dầu,canh mướp nấu thịt
gà om xì dầu,súp lơ luộc
canh mướp nấu thịt,súp lơ luộc
trứng hấp vân,đậu chiên sả ớt
trứng hấp vân,đỗ luộc
đậu chiên sả ớt,đỗ luộc
thịt luộc,mắm tép
thịt luộc,canh rau ngót
thịt luộc,dưa chuột chẻ
thịt luộc,dưa giá
mắm tép,canh rau ngót
mắm tép,dưa chuột chẻ
mắm tép,dưa giá
canh rau ngót,dưa chuột chẻ
canh rau ngót,dưa giá
dưa chuột chẻ,dưa giá
thịt bò xào rau củ,thịt chân giò muối
thịt bò xào rau củ,cá trứng rim mắm ớt
thịt bò xào rau củ,dưa chua củ cải
thịt bò xào rau củ,canh bầu nấu tôm
thịt chân giò muối,cá trứng rim mắm ớt
thịt chân giò muối,dưa chua củ cải
thịt chân giò muối,canh bầu nấu tôm
cá trứng rim mắm ớt,dưa chua củ cải
cá trứng rim mắm ớt,canh bầu nấu tôm
dưa chua củ cải,canh bầu nấu tôm
sườn nướng mật ong,thịt viên sốt cà chua
sườn nướng mật ong,canh cải ngọt nấu thịt
sườn nướng mật ong,su su luộc
thịt viên sốt cà chua,canh cải ngọt nấu thịt
thịt viên sốt cà chua,su su luộc
canh cải ngọt nấu thịt,su su luộc
sườn rán,khoai tây xào cà chua
sườn rán,chả sả
sườn rán,canh rau muống nấu ngao
khoai tây xào cà chua,chả sả
khoai tây xào cà chua,canh rau muống nấu ngao
chả sả,canh rau muống nấu ngao
lòng xào dưa chua,trứng cút rán sốt cà chua
lòng xào dưa chua,canh cải thảo cuốn thịt
lòng xào dưa chua,đậu bắp luộc
trứng cút rán sốt cà chua,canh cải thảo cuốn thịt
trứng cút rán sốt cà chua,đậu bắp luộc
canh cải thảo cuốn thịt,đậu bắp luộc
cá nục kho,mực chiên giòn
cá nục kho,chả rán
cá nục kho,canh mồng tơi nấu tôm
mực chiên giòn,chả rán
mực chiên giòn,canh mồng tơi nấu tôm
chả rán,canh mồng tơi nấu tôm
cá diêu hồng chiên giòn,cải thảo xào
cá diêu hồng chiên giòn,thịt kho tàu trứng cút
cá diêu hồng chiên giòn,canh cá nấu chua
cải thảo xào,thịt kho tàu trứng cút
cải thảo xào,canh cá nấu chua
thịt kho tàu trứng cút,canh cá nấu chua
thịt gà rang gừng,thịt kho tàu
thịt gà rang gừng,canh mồng tơi nấu cua
thịt gà rang gừng,cà pháo
thịt kho tàu,canh mồng tơi nấu cua
thịt kho tàu,cà pháo
canh mồng tơi nấu cua,cà pháo
chả cá sốt cà chua,tôm rang
chả cá sốt cà chua,canh dưa cà chua
chả cá sốt cà chua,rau muống luộc
chả cá sốt cà chua,cà pháo
tôm rang,canh dưa cà chua
tôm rang,rau muống luộc
tôm rang,cà pháo
canh dưa cà chua,rau muống luộc
canh dưa cà chua,cà pháo
rau muống luộc,cà pháo
gà xào chua ngọt,chả quế
gà xào chua ngọt,rau muống luộc
gà xào chua ngọt,nộm hoa chuối
chả quế,rau muống luộc
chả quế,nộm hoa chuối
rau muống luộc,nộm hoa chuối
chả cá rán,đậu tẩm hành
chả cá rán,rau muống xào tỏi
chả cá rán,canh rau chua
đậu tẩm hành,rau muống xào tỏi
đậu tẩm hành,canh rau chua
rau muống xào tỏi,canh rau chua
sườn xào chua ngọt,cá diếc chiên ròn
sườn xào chua ngọt,rau lang xào tỏi
sườn xào chua ngọt,canh cải nấu tôm
cá diếc chiên ròn,rau lang xào tỏi
cá diếc chiên ròn,canh cải nấu tôm
rau lang xào tỏi,canh cải nấu tôm
mực xào dứa,cá thu sốt cà chua
mực xào dứa,đỗ luộc
mực xào dứa,canh đậu hũ cà chua
cá thu sốt cà chua,đỗ luộc
cá thu sốt cà chua,canh đậu hũ cà chua
đỗ luộc,canh đậu hũ cà chua
cá cơm chiên ròn,thịt quay giòn bì
cá cơm chiên ròn,rau muống xào tỏi
cá cơm chiên ròn,canh mướp đắng nhồi thịt
thịt quay giòn bì,rau muống xào tỏi
thịt quay giòn bì,canh mướp đắng nhồi thịt
rau muống xào tỏi,canh mướp đắng nhồi thịt
cá trôi chiên ròn,thịt đông
cá trôi chiên ròn,canh dưa thịt bò
cá trôi chiên ròn,cà dầm nước mắm
thịt đông,canh dưa thịt bò
thịt đông,cà dầm nước mắm
canh dưa thịt bò,cà dầm nước mắm
thịt ba chỉ rang cháy cạnh,mực xào dứa
thịt ba chỉ rang cháy cạnh,canh ngao nấu dứa
thịt ba chỉ rang cháy cạnh,dưa chuột chẻ
mực xào dứa,canh ngao nấu dứa
mực xào dứa,dưa chuột chẻ
canh ngao nấu dứa,dưa chuột chẻ
ốc xào cay,cua đồng rang muối
ốc xào cay,rau muống xào tỏi
ốc xào cay,canh cua rau đay
cua đồng rang muối,rau muống xào tỏi
cua đồng rang muối,canh cua rau đay
rau muống xào tỏi,canh cua rau đay
thịt kho trứng,nem rán
thịt kho trứng,mướp đắng nhồi thịt
thịt kho trứng,nộm đu đủ
nem rán,mướp đắng nhồi thịt
nem rán,nộm đu đủ
mướp đắng nhồi thịt,nộm đu đủ
cá diếc chiên ròn,chả lá lốt
cá diếc chiên ròn,bí đao cuốn thịt
cá diếc chiên ròn,canh cà bung
chả lá lốt,bí đao cuốn thịt
chả lá lốt,canh cà bung
bí đao cuốn thịt,canh cà bung
cá kho tộ,hoa thiên lý xào tỏi
cá kho tộ,canh bầu nấu tôm
cá kho tộ,trứng dầm nước mắm
hoa thiên lý xào tỏi,canh bầu nấu tôm
hoa thiên lý xào tỏi,trứng dầm nước mắm
canh bầu nấu tôm,trứng dầm nước mắm
thịt kho trứng,hoa bí xào tỏi
thịt kho trứng,nộm hoa chuối
thịt kho trứng,canh cải nấu thịt băm
hoa bí xào tỏi,nộm hoa chuối
hoa bí xào tỏi,canh cải nấu thịt băm
nộm hoa chuối,canh cải nấu thịt băm
cá rô kho tiêu,đậu tẩm hành
cá rô kho tiêu,rau củ quả luộc
cá rô kho tiêu,canh cua mồng tơi
cá rô kho tiêu,cà dầm mắm
đậu tẩm hành,rau củ quả luộc
đậu tẩm hành,canh cua mồng tơi
đậu tẩm hành,cà dầm mắm
rau củ quả luộc,canh cua mồng tơi
rau củ quả luộc,cà dầm mắm
canh cua mồng tơi,cà dầm mắm
gà nướng mật ong,dưa xào thịt bò
gà nướng mật ong,đậu phụ luộc
gà nướng mật ong,canh ngao nấm kim châm
dưa xào thịt bò,đậu phụ luộc
dưa xào thịt bò,canh ngao nấm kim châm
đậu phụ luộc,canh ngao nấm kim châm
trứng đúc thịt,cá bống chiên giòn
trứng đúc thịt,canh khoai nấu sườn
trứng đúc thịt,rau cải luộc
cá bống chiên giòn,canh khoai nấu sườn
cá bống chiên giòn,rau cải luộc
canh khoai nấu sườn,rau cải luộc
cải cuốn thịt,trứng tráng
cải cuốn thịt,canh rau ngót nấu thịt băm
cải cuốn thịt,cà muối tỏi ớt
trứng tráng,canh rau ngót nấu thịt băm
trứng tráng,cà muối tỏi ớt
canh rau ngót nấu thịt băm,cà muối tỏi ớt
mướp đắng nhồi thịt,đậu trắng sốt cà chua
mướp đắng nhồi thịt,canh đậu hũ
mướp đắng nhồi thịt,dưa bắp cải
đậu trắng sốt cà chua,canh đậu hũ
đậu trắng sốt cà chua,dưa bắp cải
canh đậu hũ,dưa bắp cải
bạch tuộc sa tế,rau củ quả luộc
bạch tuộc sa tế,nộm rau muống
bạch tuộc sa tế,canh cá nấu dứa
rau củ quả luộc,nộm rau muống
rau củ quả luộc,canh cá nấu dứa
nộm rau muống,canh cá nấu dứa
thịt chân giò luộc,mắm tép chưng
thịt chân giò luộc,canh rau ngót
thịt chân giò luộc,cà pháo
mắm tép chưng,canh rau ngót
mắm tép chưng,cà pháo
canh rau ngót,cà pháo
thịt lợn quay giòn bì,sườn nướng
thịt lợn quay giòn bì,mướp luộc
thịt lợn quay giòn bì,măng tươi luộc
sườn nướng,mướp luộc
sườn nướng,măng tươi luộc
mướp luộc,măng tươi luộc
mực trứng hấp,sườn sụn sốt chua ngọt
mực trứng hấp,canh khoai sọ rau rút
mực trứng hấp,cà pháo
sườn sụn sốt chua ngọt,canh khoai sọ rau rút
sườn sụn sốt chua ngọt,cà pháo
canh khoai sọ rau rút,cà pháo
canh riêu cua,đậu phụ sống
canh riêu cua,rau sống
canh riêu cua,dưa chuột chẻ
đậu phụ sống,rau sống
đậu phụ sống,dưa chuột chẻ
rau sống,dưa chuột chẻ
bắp bò luộc ngũ vị,sườn xào chua ngọt
bắp bò luộc ngũ vị,đậu tẩm hành
bắp bò luộc ngũ vị,rau lang luộc
sườn xào chua ngọt,đậu tẩm hành
sườn xào chua ngọt,rau lang luộc
đậu tẩm hành,rau lang luộc
thịt gà rang gừng,giò lụa
thịt gà rang gừng,súp lơ luộc
thịt gà rang gừng,canh mướp nấu tôm
giò lụa,súp lơ luộc
giò lụa,canh mướp nấu tôm
súp lơ luộc,canh mướp nấu tôm
trứng tráng,cá rô phi chiên giòn
trứng tráng,canh cua rau đay
trứng tráng,cà muối sổi
cá rô phi chiên giòn,canh cua rau đay
cá rô phi chiên giòn,cà muối sổi
canh cua rau đay,cà muối sổi
cá rán giòn,tôm sốt cà chua
cá rán giòn,rau muống xào tỏi
cá rán giòn,canh rau chua
tôm sốt cà chua,rau muống xào tỏi
tôm sốt cà chua,canh rau chua
rau muống xào tỏi,canh rau chua
tôm sốt chua ngọt,rau củ quả luộc
tôm sốt chua ngọt,canh rau dền
tôm sốt chua ngọt,cà muối
rau củ quả luộc,canh rau dền
rau củ quả luộc,cà muối
canh rau dền,cà muối
trứng chim cút chiên xù,thịt kho dừa
trứng chim cút chiên xù,nộm dưa chuột
trứng chim cút chiên xù,rau muống luộc
thịt kho dừa,nộm dưa chuột
thịt kho dừa,rau muống luộc
nộm dưa chuột,rau muống luộc
chả cá rán,đậu phụ sống
chả cá rán,dưa chuột bao tử muối
chả cá rán,canh khoai tây nấu sườn
đậu phụ sống,dưa chuột bao tử muối
đậu phụ sống,canh khoai tây nấu sườn
dưa chuột bao tử muối,canh khoai tây nấu sườn
nem rán,cá viên chiên
nem rán,dưa góp
nem rán,canh su hào thái sợi
cá viên chiên,dưa góp
cá viên chiên,canh su hào thái sợi
dưa góp,canh su hào thái sợi
nộm tai heo,trứng hấp vân
nộm tai heo,cải chíp xào nấm
nộm tai heo,canh giá đỗ cải thảo
trứng hấp vân,cải chíp xào nấm
trứng hấp vân,canh giá đỗ cải thảo
cải chíp xào nấm,canh giá đỗ cải thảo
cá sốt cà chua,thịt lợn rán
cá sốt cà chua,canh ngao chua
cá sốt cà chua,dưa bắp cải muối
thịt lợn rán,canh ngao chua
thịt lợn rán,dưa bắp cải muối
canh ngao chua,dưa bắp cải muối
trứng tráng,đậu phụ tứ xuyên
trứng tráng,nộm sứa
trứng tráng,canh cải ngọt nấu ngao
đậu phụ tứ xuyên,nộm sứa
đậu phụ tứ xuyên,canh cải ngọt nấu ngao
nộm sứa,canh cải ngọt nấu ngao
thịt lợn rang,giá xào lòng mề gà
thịt lợn rang,canh khoai sọ hầm xương
thịt lợn rang,dưa chuột chẻ
giá xào lòng mề gà,canh khoai sọ hầm xương
giá xào lòng mề gà,dưa chuột chẻ
canh khoai sọ hầm xương,dưa chuột chẻ
gà quay mật ong,dưa góp
gà quay mật ong,dưa chuột chẻ
gà quay mật ong,canh khoai tây nấu sườn
dưa góp,dưa chuột chẻ
dưa góp,canh khoai tây nấu sườn
dưa chuột chẻ,canh khoai tây nấu sườn
cánh gà xào chua ngọt,trứng cút chiên xù
cánh gà xào chua ngọt,canh bí đỏ nấu sườn
cánh gà xào chua ngọt,dưa chua
trứng cút chiên xù,canh bí đỏ nấu sườn
trứng cút chiên xù,dưa chua
canh bí đỏ nấu sườn,dưa chua
nem rán,lươn sốt cay
nem rán,canh bóng
nem rán,rau củ quả luộc
lươn sốt cay,canh bóng
lươn sốt cay,rau củ quả luộc
canh bóng,rau củ quả luộc
thịt chân giò luộc,đậu rán giòn
thịt chân giò luộc,lạc rang
thịt chân giò luộc,canh cua rau đay mướp
thịt chân giò luộc,cà pháo
đậu rán giòn,lạc rang
đậu rán giòn,canh cua rau đay mướp
đậu rán giòn,cà pháo
lạc rang,canh cua rau đay mướp
lạc rang,cà pháo
canh cua rau đay mướp,cà pháo
cá diêu hồng hấp,canh dưa thịt bò
cá diêu hồng hấp,dưa chuột chẻ
cá diêu hồng hấp,rau sống
canh dưa thịt bò,dưa chuột chẻ
canh dưa thịt bò,rau sống
dưa chuột chẻ,rau sống
cá chạch rán giòn,chả lá lốt
cá chạch rán giòn,đậu phụ sống
cá chạch rán giòn,canh bí đỏ
chả lá lốt,đậu phụ sống
chả lá lốt,canh bí đỏ
đậu phụ sống,canh bí đỏ
đậu tẩm hành,thịt viên sốt cà chua
đậu tẩm hành,lạc rang
đậu tẩm hành,canh su hào nấu tôm
thịt viên sốt cà chua,lạc rang
thịt viên sốt cà chua,canh su hào nấu tôm
lạc rang,canh su hào nấu tôm
đậu sốt cà chua,thịt lợn luộc
đậu sốt cà chua,rau muống luộc
đậu sốt cà chua,dưa muối
thịt lợn luộc,rau muống luộc
thịt lợn luộc,dưa muối
rau muống luộc,dưa muối
cá om dưa,lòng luộc
cá om dưa,rau sống
cá om dưa,canh cải nấu thịt băm
lòng luộc,rau sống
lòng luộc,canh cải nấu thịt băm
rau sống,canh cải nấu thịt băm
đậu chiên xù,dưa xào thịt bò
đậu chiên xù,bắp cải luộc
đậu chiên xù,canh ngao chua
dưa xào thịt bò,bắp cải luộc
dưa xào thịt bò,canh ngao chua
bắp cải luộc,canh ngao chua
tôm rang thịt,lạc rang
tôm rang thịt,canh cua rau đay
tôm rang thịt,cà pháo
lạc rang,canh cua rau đay
lạc rang,cà pháo
canh cua rau đay,cà pháo
chả lá lốt,cua đồng rang muối
chả lá lốt,rau muống luộc
chả lá lốt,canh rau chua
cua đồng rang muối,rau muống luộc
cua đồng rang muối,canh rau chua
rau muống luộc,canh rau chua
lòng xào dưa,cánh gà chiên mắm
lòng xào dưa,khoai môn lệ phố
lòng xào dưa,súp lơ luộc
cánh gà chiên mắm,khoai môn lệ phố
cánh gà chiên mắm,súp lơ luộc
khoai môn lệ phố,súp lơ luộc
nộm gà xé phay,cá rô chiên giòn
nộm gà xé phay,canh rau cải ngọt
nộm gà xé phay,dưa muối
cá rô chiên giòn,canh rau cải ngọt
cá rô chiên giòn,dưa muối
canh rau cải ngọt,dưa muối
cá chim rán,canh rau ngót thịt băm
cá chim rán,cà muối sổi
cá chim rán,dưa muối
canh rau ngót thịt băm,cà muối sổi
canh rau ngót thịt băm,dưa muối
cà muối sổi,dưa muối
tôm hấp,thịt viên xiên nướng
tôm hấp,đậu phụ tẩm hành
tôm hấp,canh cua rau đay
thịt viên xiên nướng,đậu phụ tẩm hành
thịt viên xiên nướng,canh cua rau đay
đậu phụ tẩm hành,canh cua rau đay
tim xào,giò bò
tim xào,canh măng móng giò
tim xào,hành muối
giò bò,canh măng móng giò
giò bò,hành muối
canh măng móng giò,hành muối
cá rô nướng,lạc rang
cá rô nướng,canh khoai tây nấu sườn
cá rô nướng,rau sống
lạc rang,canh khoai tây nấu sườn
lạc rang,rau sống
canh khoai tây nấu sườn,rau sống
cá cơm rang,thịt lợn luộc
cá cơm rang,rau muống xào
cá cơm rang,cà pháo
thịt lợn luộc,rau muống xào
thịt lợn luộc,cà pháo
rau muống xào,cà pháo
thịt chân giò luộc,chả lá lốt
thịt chân giò luộc,canh dọc mùng
thịt chân giò luộc,mắm tép chưng
chả lá lốt,canh dọc mùng
chả lá lốt,mắm tép chưng
canh dọc mùng,mắm tép chưng
cá tẩm bột chiên,canh đầu cá nấu chua
cá tẩm bột chiên,salad cà chua dưa chuột
cá tẩm bột chiên,rau sống
canh đầu cá nấu chua,salad cà chua dưa chuột
canh đầu cá nấu chua,rau sống
salad cà chua dưa chuột,rau sống
mực xào ớt chuông,đậu rán
mực xào ớt chuông,đỗ luộc
mực xào ớt chuông,canh ngao chua
đậu rán,đỗ luộc
đậu rán,canh ngao chua
đỗ luộc,canh ngao chua
đậu nhồi thịt sốt cà chua,thịt ba chỉ rang cháy cạnh
đậu nhồi thịt sốt cà chua,canh cà bung
đậu nhồi thịt sốt cà chua,dưa bắp cải muối
thịt ba chỉ rang cháy cạnh,canh cà bung
thịt ba chỉ rang cháy cạnh,dưa bắp cải muối
canh cà bung,dưa bắp cải muối
tôm rang,chả cốm
tôm rang,ngọn su su xào tỏi
tôm rang,cà muối
chả cốm,ngọn su su xào tỏi
chả cốm,cà muối
ngọn su su xào tỏi,cà muối
chả cá chiên,gan luộc
chả cá chiên,canh thịt bò cà chua
chả cá chiên,bắp cải luộc nước mắm trứng
gan luộc,canh thịt bò cà chua
gan luộc,bắp cải luộc nước mắm trứng
canh thịt bò cà chua,bắp cải luộc nước mắm trứng
cá ba sa chiên,mướp đắng xào trứng
cá ba sa chiên,canh bí đỏ nấu tôm
mướp đắng xào trứng,canh bí đỏ nấu tôm
thịt chân giò luộc,canh chua đầu cá ba sa
thịt chân giò luộc,dưa chuột chẻ
canh chua đầu cá ba sa,dưa chuột chẻ
tôm rang,rau bí xào tỏi
tôm rang,canh cà chua trứng
rau bí xào tỏi,canh cà chua trứng
thịt lợn rang cháy cạnh,cà tím om ngũ vị
thịt lợn rang cháy cạnh,canh hến nấu chua
cà tím om ngũ vị,canh hến nấu chua
cá bống kho,súp lơ luộc
cá bống kho,canh cải thịt băm
súp lơ luộc,canh cải thịt băm
sườn xào chua ngọt,rau mồng tơi xào tỏi
sườn xào chua ngọt,canh ngao chua
rau mồng tơi xào tỏi,canh ngao chua
cá kèo kho tiêu,trứng ốp la
cá kèo kho tiêu,canh rau ngót thịt băm
cá kèo kho tiêu,cải chip luộc
trứng ốp la,canh rau ngót thịt băm
trứng ốp la,cải chip luộc
canh rau ngót thịt băm,cải chip luộc
nem rán,hoa thiên lý xào tỏi
nem rán,canh bí nấu tôm
hoa thiên lý xào tỏi,canh bí nấu tôm
trứng đúc thịt,canh dưa thịt bò
trứng đúc thịt,nộm hoa chuối
canh dưa thịt bò,nộm hoa chuối
trứng cút kho tàu,ngao xào me
trứng cút kho tàu,canh nấm thịt bò
ngao xào me,canh nấm thịt bò
tôm cuộn khoai tây chiên,su su luộc
tôm cuộn khoai tây chiên,canh rau ngót thịt băm
su su luộc,canh rau ngót thịt băm
đậu sốt tứ xuyên,mướp hương xào nấm
đậu sốt tứ xuyên,canh cải nấu ngao
mướp hương xào nấm,canh cải nấu ngao
mực chiên xù,canh bầu nấu tôm
mực chiên xù,đậu bắp luộc
canh bầu nấu tôm,đậu bắp luộc
cá diếc chiên giòn,giá xào
cá diếc chiên giòn,canh mướp mồng tơi
cá diếc chiên giòn,cà pháo
giá xào,canh mướp mồng tơi
giá xào,cà pháo
canh mướp mồng tơi,cà pháo
thịt lợn rang cháy cạnh,canh bí đỏ thịt nạc
thịt lợn rang cháy cạnh,ngồng cải luộc
canh bí đỏ thịt nạc,ngồng cải luộc
trứng đúc thịt,măng xào hành tỏi
trứng đúc thịt,canh bầu nấu ngao
măng xào hành tỏi,canh bầu nấu ngao
cá trứng chiên giòn,rau muống xào tỏi
cá trứng chiên giòn,cà pháo
rau muống xào tỏi,cà pháo
tôm rang chua ngọt,rau lang luộc chấm tương
tôm rang chua ngọt,canh rau dền
rau lang luộc chấm tương,canh rau dền
cá ba sa chiên xù,canh cải thảo nấu thịt
cá ba sa chiên xù,bắp xào
canh cải thảo nấu thịt,bắp xào
