mực xào bầu,Món canh
canh tập tàng nấu tôm,Món canh
rau muống luộc,Món canh
rau bí xào tỏi,Món canh
canh chua,Món canh
canh sườn nấu chua,Món canh
rau muống luộc ăn kèm cà pháo,Món canh
tép khô xào hành, khế,Món canh
rau củ luộc chấm kho quẹt,Món canh
canh chua nấu tôm,Món canh
mực xào chua ngọt,Món canh
canh khổ qua nấu với thịt viên,Món canh
canh chua tôm,Món canh
canh bí nhồi thịt,Món canh
khổ qua xào trứng,Món canh
canh mướp đắng nhồi thịt,Món canh
salad rau,Món canh
canh rau ngót nấu thịt,Món canh
rau thơm ăn kèm,Món canh
rau mồng tơi luộc,Món canh
canh cua cà muối,Món canh
đậu đũa luộc,Món canh
đậu cove xào lòng,Món canh
bí xanh luộc chấm vừng,Món canh
canh mướp lòng gà,Món canh
rau bí luộc,Món canh
sườn xào dứa,Món canh
canh bầu nấu ngao,Món canh
canh cá nấu chua,Món canh
su su luộc,Món canh
canh ngao,Món canh
sườn xào chua ngọt,Món canh
canh cá chua,Món canh
đậu đũa xào,Món canh
canh xương,Món canh
bí ngô xào tỏi,Món canh
canh mướp,Món canh
đậu đũa xào lòng,Món canh
cải thảo luộc,Món canh
sườn sụn xào,Món canh
rau sống ăn kèm,Món canh
cà tím xào,Món canh
canh khoai sọ nấu thịt gà,Món canh
đậu phụ luộc,Món canh
măng xào,Món canh
canh bí nấu thịt gà,Món canh
rau muống xào tỏi,Món canh
bí xanh luộc,Món canh
đỗ luộc,Món canh
măng tây xào bơ tỏi,Món canh
ốc om chuối đậu,Món canh
canh ngao chua,Món canh
canh dưa thịt bò,Món canh
rau bắp cải luộc,Món canh
đậu bắp xào tỏi,Món canh
canh rau chua,Món canh
canh khoai sọ nấu xương,Món canh
canh khoai sọ hầm xương,Món canh
rau củ quả luộc chấm muối vừng,Món canh
bò xào đậu,Món canh
dưa xào,Món canh
bắp cải luộc,Món canh
canh hoa thiên lý nấu cua,Món canh
trứng cút xào chua ngọt,Món canh
canh bí nấu tôm,Món canh
rau củ quả luộc,Món canh
canh rau mồng tơi nấu ngao,Món canh
ngồng cảo xào tỏi,Món canh
canh ngao nấm kim cải thảo,Món canh
rau cải chíp luộc,Món canh
canh măng chua,Món canh
canh bầu nấu tôm,Món canh
vịt om sấu,Món canh
canh rau muống cà chua,Món canh
canh rau đay mướp,Món canh
canh dưa chua,Món canh
canh măng nấu móng giò,Món canh
rau muống xào,Món canh
mướp hương xào nấm,Món canh
canh bí nấu xương,Món canh
nước rau muống chua,Món canh
canh rau cải nấu thịt băm,Món canh
canh rau ngót thịt băm,Món canh
canh rau muống chua,Món canh
hoa bí xào tỏi,Món canh
canh rau cải nấu thịt,Món canh
bê xào xả ớt,Món canh
canh cải thảo giá đỗ,Món canh
dưa xào cà chua,Món canh
canh cải thảo thịt bò,Món canh
canh mướp nấu thịt,Món canh
súp lơ luộc,Món canh
canh cải ngọt nấu thịt,Món canh
khoai tây xào cà chua,Món canh
canh rau muống nấu ngao,Món canh
canh mồng tơi nấu tôm,Món canh
canh mồng tơi nấu cua,Món canh
canh dưa cà chua,Món canh
canh cải thảo cuốn thịt,Món canh
đậu bắp luộc,Món canh
canh rau ngót,Món canh
cải thảo xào,Món canh
mực xào dứa,Món canh
canh đậu hũ cà chua,Món canh
canh ngao nấu dứa,Món canh
rau lang xào tỏi,Món canh
canh cải nấu tôm,Món canh
canh cua rau đay,Món canh
canh đậu hũ,Món canh
canh khoai sọ rau rút,Món canh
canh bí đỏ nấu sườn,Món canh
canh bí đỏ,Món canh
canh rau cải ngọt,Món canh
canh cải ngọt nấu ngao,Món canh
rau sống,Món canh
canh cải nấu thịt băm,Món canh
canh ngao nấm kim châm,Món canh
canh khoai nấu sườn,Món canh
rau cải luộc,Món canh
canh riêu cua,Món canh
canh đầu cá nấu chua,Món canh
rau lang luộc,Món canh
canh khoai tây nấu sườn,Món canh
ngọn su su xào tỏi,Món canh
cải chíp xào nấm,Món canh
canh giá đỗ cải thảo,Món canh
canh cua rau đay mướp,Món canh
canh su hào nấu tôm,Món canh
mực xào ớt chuông,Món canh
nộm rau muống,Món canh
canh cá nấu dứa,Món canh
canh mướp nấu tôm,Món canh
canh bóng,Món canh
mướp đắng xào trứng,Món canh
canh bí đỏ nấu tôm,Món canh
canh su hào thái sợi,Món canh
canh cà bung,Món canh
canh thịt bò cà chua,Món canh
bắp cải luộc nước mắm trứng,Món canh
canh chua đầu cá ba sa,Món canh
hoa thiên lý xào tỏi,Món canh
mướp luộc,Món canh
măng tươi luộc,Món canh
canh dọc mùng,Món canh
canh cua mồng tơi,Món canh
canh rau ngót nấu thịt băm,Món canh
canh rau dền,Món canh
tim xào,Món canh
canh măng móng giò,Món canh
canh cà chua trứng,Món canh
ngao xào me,Món canh
canh nấm thịt bò,Món canh
canh bí đỏ thịt nạc,Món canh
ngồng cải luộc,Món canh
canh cải thịt băm,Món canh
rau mồng tơi xào tỏi,Món canh
canh cải thảo nấu thịt,Món canh
bắp xào,Món canh
cải chip luộc,Món canh
rau lang luộc chấm tương,Món canh
măng xào hành tỏi,Món canh
cà tím om ngũ vị,Món canh
canh hến nấu chua,Món canh
giá xào,Món canh
canh mướp mồng tơi,Món canh
canh cải nấu ngao,Món canh
đậu bắp xào nấm rơm,Món canh
canh tần ô thịt bò,Món canh
canh cải xooang cá thác lác,Món canh
canh chua tôm ngó sen,Món canh
nui xào hải sản,Món canh
canh chua cá hồi,Món canh
cải thìa luộc,Món canh
canh khoai mỡ nấu thịt bằm,Món canh
canh củ năng nấu sườn non,Món canh
canh cá lóc nấu thơm,Món canh
bánh canh ghẹ,Món canh
nước rau má,Món canh
canh củ dền nấu tôm tươi,Món canh
canh hến nấu khế,Món canh
bún gạo xào,Món canh
giá xào hẹ,Món canh
canh ngót nấu bò,Món canh
canh súp khoai tây cà rốt,Món canh
rau muốn xào,Món canh
canh khoai sọ nấu sườn,Món canh
canh cải cúc thịt bằm,Món canh
canh nấm rau củ,Món canh
vịt xào gừng,Món canh
canh mướp hương nấm rơm,Món canh
rau dền luộc,Món canh
canh cải ngọt nấu thịt băm,Món canh
canh đu đủ hầm xương bò,Món canh
rau muống luộc,Món canh
canh chua tép,Món canh
su hào luộc,Món canh
canh thìa là cá điêu hồng,Món canh
canh giò sống rau ngót,Món canh
canh bí đỏ nấu tôm khô,Món canh
canh khoai môn nấu tôm,Món canh
bí đao om mỡ hành,Món canh
canh cải cúc nấu thịt bò,Món canh
canh đậu phụ cá trích,Món canh
canh cá chép đậu đỏ,Món canh
mực xào cà ri,Món canh
raumuống xào chao,Món canh
rau cải xanh luộc,Món canh
canh củ cải nấu bò,Món canh
miến cua xào,Món canh
măng xào lá lốt,Món canh
canh đu đủ nấu giò heo,Món canh
cải thìa xào tỏi,Món canh
canh khổ qua cá thác lác,Món canh
đậu rồng xào,Món canh
canh cải cúc nấu bò,Món canh
cải thìa xào dầu hào,Món canh
lươn xào sả ớt,Món canh
rau càng cua trộn trứng, giấm đường,Món canh
rau câu dừa,Món canh
bún gạo xào hải sản,Món canh
canh chuối già nấu mẻ,Món canh
canh khoai môn hầm giò,Món canh
canh cá điêu hồng chua ngọt,Món canh
cải ngọt luộc,Món canh
cải xào tỏi,Món canh
canh khổ hoa dồn thịt lợn,Món canh
canh gà nấu lá giang,Món canh
rau đay nấu cua,Món canh
canh đậu ngự hầm xường non,Món canh
canh cá thu nấu ngót,Món canh
canh tôm nõn nấu bí đao,Món canh
salad rau mầm,Món canh
canh astiso nấu hải sản,Món canh
canh mướp nấu nấm rơm,Món canh
canh rau muống nấu hến,Món canh
hải sản xào rau củ,Món canh
canh chua cá lóc,Món canh
mực xào thơm,Món canh
canh tôm nõn cải dún,Món canh
nước rau má đậu xanh,Món canh
canh cá lóc nấu bầu,Món canh
canh giò heo nấu măng,Món canh
đọt bí xào tỏi,Món canh
bánh xèo ăn kèm rau sống,Món canh
miến xào cua,Món canh
dọc mùng xào sả,Món canh
canh sa kê nấu thịt băm,Món canh
nước rau má bạc hà,Món canh
canh cá lóc nấu cần,Món canh
cải chua xào trứng,Món canh
canh cải rổ nấu tôm viên,Món canh
hoa mướp xào tỏi,Món canh
canh chua khoai sọ nấu rau nhút,Món canh
đậu que xào tỏi,Món canh
canh cải thảo nấu thịt băm,Món canh
bê xào lá nghệ,Món canh
canh thịt bò rau răm,Món canh
rau củ luộc nước  mắm kho tiêu,Món canh
canh bí đỏ hầm giò heo,Món canh
canh nghêu chua ngọt,Món canh
bún xào singapore,Món canh
đậu bắp xào nấm rơm,Món canh
canhtần ô thịt bò,Món canh
canh cải xoong cá thác lác,Món canh
canh chua cá hồi,Món canh
canh khoai mỡ nấu thịt bằm,Món canh
canh củnăng nấu sườn non,Món canh
canh cá lóc nấu thơm,Món canh
nước raumá,Món canh
canh củ dền nấu tôm tươi,Món canh
canh hến nấu khế,Món canh
canh ngótnấu bò,Món canh
canh súp khoai tây cà rốt,Món canh
canh khoai sọ nấu sườn,Món canh
canh khổ qua cá,Món canh
cải thìa xào nấm,Món canh
canh chua cá lóc,Món canh
canh khoai tím nấu tôm,Món canh
rau đay, mồng tơi nấu cua,Món canh
canhmăng nấu tôm viên,Món canh
canh đu đủ nấu giò heo,Món canh
canhchua hải sản,Món canh
canh cảicúc nấu thịt bò,Món canh
canh ngót nấu cá khoai,Món canh
canh rau cải xanh nấu ruốc,Món canh
rau càng cua trộn,trứng giấm đường,Món canh
hủ tiếu xào hải sản,Món canh
canh hoa chuối cá kèo,Món canh
rau câu trái cây,Món canh
canh khổ qua nấu thác lác,Món canh
canh khoai mỡ nấu tôm tươi,Món canh
canh cảixoong nấu bò,Món canh
cải bó xôi xào nấm đông cô,Món canh
canh thìa là cá điêu hồng,Món canh
canh cải cúc nấu bò,Món canh
rau câu dừa,Món canh
mực xào sa tế,Món canh
canh nấmrơm đậu hũ non,Món canh
canh khoaimôn nấu giò lợn,Món canh
canh khổ qua dồn cá thác lác,Món canh
tôm xào đậu tương,Món canh
rau cải xanhluộc,Món canh
canh củ cải nấu giò heo,Món canh
canh rau mồng tơi nấu tôm khô,Món canh
miến cua xào,Món canh
canh rau dền nấu thịt bò,Món canh
đậubắp xào nấm rơm,Món canh
canh rau muốn nấu me,Món canh
nướcrau má,Món canh
mực xào hành cần,Món canh
canh khoai mỡ nấu thịtbằm,Món canh
canh khoai mỡ,Món canh
rau muống xào,Món canh
canh củ dền tôm thịt,Món canh
ếch xào tía tô,Món canh
sườnxào chua ngọt,Món canh
canh ngót nấu tôm,Món canh
đậubắp xào nấm hương,Món canh
bíngòi xào tỏi,Món canh
canh rau muống me,Món canh
rau câu hạnh nhân,Món canh
su hào luộc,Món canh
canh chua cá đuối,Món canh
canh cá thác lác cải thìa,Món canh
canh giò sống nấu ngót,Món canh
canh gà nha đam,Món canh
cải thìa xào nấm,Món canh
canh óc heo táo đỏ, củ sen,Món canh
canh cua khoai môn,Món canh
khoai lang luộc,Món canh
canh cải chua tôm,Món canh
salad rau củ,Món canh
đậu cô-ve xào tôm,Món canh
canh cải xooang thịt bằm,Món canh
bí đỏ xào nấm rơm,Món canh
canh cua rau nhút,Món canh
bông bí xào tỏi,Món canh
canh cua rau đai,Món canh
canh rau má tôm khô,Món canh
canh mít non lá lốt,Món canh
canh hẹ,Món canh
canh chua cá thác lác,Món canh
canh khổ qua tôm khô,Món canh
sò dương xào rau muống,Món canh
canh củ sen hầm,Món canh
canh đậu đỏ nấu sườn,Món canh
canh khổ qua dồn thịt,Món canh
canh cải cúc nấu mọc,Món canh
rau câu đậu xanh,Món canh
canh chua cá kèo,Món canh
canh củ dền hầm sườn,Món canh
canh củ năng nấu sườn,Món canh
cải xanh luộc,Món canh
canh cá hồi nấu thơm,Món canh
bánh canh cua,Món canh
canh củ cải đỏ nấu sườn,Món canh
canh tôm khoai mỡ,Món canh
giá hẹ xào,Món canh
canh ngót nấu thịt bò,Món canh
canh rau dền thịt bằm,Món canh
canh cải xanh cá thác lác,Món canh
canh cải chua nấu sườn,Món canh
nghêu xào hoa thiên lý,Món canh
canh nghêu nấu hẹ,Món canh
nấm xào trứng,Món canh
canh khoai môn nấu giò,Món canh
canh rau tập tàng,Món canh
canh khoai mỡ nấu tôm,Món canh
bánh canh thịt bằm,Món canh
mướp xào nấm hương,Món canh
canh cá rô nấu mẻ,Món canh
canh giò heo nấu rau củ,Món canh
canh bí đỏ thịt viên,Món canh
dưa leo xào mực,Món canh
cần nước xào tỏi,Món canh
canh hạt và củ sen nấu sườn,Món canh
canh dưa hường nấu tôm,Món canh
canh chua cá lăng,Món canh
canh cải xoong thịt bằm,Món canh
canh khoai tây thịt băm,Món canh
canh sườn non đu đủ,Món canh
canh cải xanh nấu hến,Món canh
cà chua xào đậu phụ,Món canh
canh đậu phụ nấu tôm,Món canh
phi lê cá điêu hồng xào đậu rồng,Món canh
canh bí đỏ thịt bằm,Món canh
canh cải bắp thịt cuộn,Món canh
canh cải xoong tôm khô,Món canh
canh gà lá giang,Món canh
cải thìa xào dầu hào,Món canh
canh gà nấu hến,Món canh
canh giò heo nấu bông atiso,Món canh
canh rau má thịt bằm,Món canh
canh cải cá rô,Món canh
canh sườn nấu khoai môn,Món canh
canh bí đao nấu thịt viên,Món canh
rau muống xào chao,Món canh
canh sướn nấu củ dền,Món canh
bông cải luộc,Món canh
rau ngót nấu giò sống,Món canh
canh rau dền tôm khô,Món canh
canh chua dưa cải,Món canh
canh rau mồng tơi nấu tôm,Món canh
canh giá hẹ đậu phụ non,Món canh
canh cải bắp cuộn thịt,Món canh
canh điêu hồng nấu ngót,Món canh
canh khoai môn nấu thịt,Món canh
canh cải xanh cuộn thịt,Món canh
thanh cua xào chua ngọt,Món canh
canh tôm nấu đậu phụ,Món canh
canh khổ qua tôm nõn,Món canh
canh rau má nấu thịt,Món canh
canh khoai lang thịt bằm,Món canh
canh đậu hũ hải sản,Món canh
canh đuôi heo hầm atiso,Món canh
canh cải xoong nấu thịt băm,Món canh
canh củ năng thịt gà,Món canh
canh rong biển,Món canh
canh bí đao nấu tôm nõn,Món canh
canh giò heo hầm thuốc bắc,Món canh
rau củ xào tam sắc,Món canh
canh khoai từ nấu tôm,Món canh
bánh canh chả cá,Món canh
canh khổ qua cá rô đồng,Món canh
canh tôm chua cay,Món canh
canh củ dền nấu thịt,Món canh
giá xào huyết,Món canh
canh mồng tơi nấu nấm,Món canh
canh cà tím chiên,Món canh
canh chua nghêu,Món canh
canh rau ngót nấu tôm,Món canh
canh cua nấu trứng,Món canh
mực xào rối,Món canh
canh mắm,Món canh
canh cải mầm nấu giò sống,Món canh
canh bao tử hầm tiêu xanh,Món canh
canh cà rốt hầm sườn,Món canh
canh cá khoai cải bẹ xanh,Món canh
canh tôm bí ngòi,Món canh
canh ngót cá khoai,Món canh
bông bí xào ba rọi,Món canh
canh chua hoa so đũa nấu tôm,Món canh
canh tôm bông cải,Món canh
canh sườn heo đậu đỏ,Món canh
canh bò cải xanh,Món canh
bắp cải trắng luộc,Món canh
canh nấm nấu mướp,Món canh
canh tôm khoai môn,Món canh
canh thịt bằm mồng tơi,Món canh
canh ngót cá điêu hồng,Món canh
canh bò nấu cải cúc,Món canh
canh bò cải xoong,Món canh
canh bí đỏ nấu gà,Món canh
canh khoai tím nấu tôm,Món canh
canh cải xoong nấu bò,Món canh
canh tàu hủ hẹ nấu thịt bằm,Món canh
canh đậu hầm sườn heo,Món canh
canh chua hải sản,Món canh
canh tôm nấu mướp,Món canh
cải bó xôi xào tỏi,Món canh
canh sườn nấu đậu ngự,Món canh
canh chua cá ba sa,Món canh
canh cải xanh nấu gừng,Món canh
canh rau má nấu bò,Món canh
mực xào dưa cải,Món canh
gỏi rau nhút,Món canh
ếch xào mướp hương,Món canh
canh hoa chuối nấu tôm mẻ,Món canh
canh rau muống nấu me chua,Món canh
canh trứng bí ngòi,Món canh
salad mầm rau muống,Món canh
canh măng chua nấu cá nục,Món canh
canh cá kèo nấu nấm,Món canh
rau cải xanh luộc chấm nước mắm,Món canh
canh nấm thịt xay,Món canh
rau cải xào vừng,Món canh
canh cua thiên lý,Món canh
chè trái vải rau câu,Món canh
canh cải xanh nấu cá rô,Món canh
rau luộc,Món canh
thịt đà điểu xào đậu hà lan,Món canh
canh nấm rơm đậu phụ non,Món canh
rau má nước dừa,Món canh
canh cải chua nấu bắp bò,Món canh
canh bầu nấu tôm khô,Món canh
canh kim chi nấu tép,Món canh
cà tím xào tép,Món canh
canh giò heo đu đủ,Món canh
canh cải con tôm viên,Món canh
canh ngó sen thịt heo,Món canh
bí luộc chấm kho quẹt,Món canh
canh bí xanh nấu tôm đồng,Món canh
canh bò nấu khế,Món canh
đậu bắp luộc chấm chao,Món canh
canh ngao rau răm,Món canh
canh gà nha đa đam,Món canh
canh rau ngót nấu cá rô đồng,Món canh
canh cà nấu hến,Món canh
canh hẹ tàu hủ non,Món canh
cua om giấm,Món canh
canh mực chua ngọt,Món canh
đậu cove xào tỏi,Món canh
canh rua dền tím nấu tôm,Món canh
canh cải bẹ xanh nấu ruốc,Món canh
đọt lanh luộc,Món canh
canh tôm bí xanh,Món canh
canh dưa leo rong biển sườn non,Món canh
canh rau ngót nấu thịt bò,Món canh
canh khổ qua cá thác lácnước ép táo,Món canh
canh rau má thịt bò,Món canh
rau củ luộc chấm tương hạt kho sả,Món canh
canh khổ qua nấu tôm khô,Món canh
canh rau đắng nấu tôm,Món canh
rau cải xanh xào,Món canh
canh nấm tràm thịt băm,Món canh
canh bí xanh nấu sườn,Món canh
canh nấm rơm nấu mướp,Món canh
ngọn bí xào tỏi,Món canh
canh riêu cá điêu hồng,Món canh
cải xoong xào ba rọi,Món canh
canh cải chua nấu chả cả,Món canh
cải ngồng xào nấm,Món canh
canh nghêu đậu phụ,Món canh
canh khoai môn nấu giò heo,Món canh
canh riêu cá niền bắc,Món canh
canh khoai lang cải con,Món canh
canh giò heo nấu củ,Món canh
hủ tiếu xào,Món canh
mướp xào nấm rơm,Món canh
mực xào bông hẹ,Món canh
đậu hũ rim hành lá rau muống luộc,Món canh
canh sườn nấu củ sen,Món canh
canh rau ngót nấu bò,Món canh
canh đậu phụ nấu hẹ,Món canh
canh cải xanh nấu bò,Món canh
đậu que luộc,Món canh
canh chua gà lá giang,Món canh
canh bắp cải cuộn thịt,Món canh
đậu luộc mắm đồng chưnggừng,Món canh
canh chua tôm bông sođũa miền nam,Món canh
nấm bào ngư xào mè,Món canh
canh chua cua nấu măng,Món canh
canh bí xanh nấu tôm,Món canh
canh rau đay nấu cua,Món canh
canh cải mầm nấu tôm viên,Món canh
canh riêu nấu ngao,Món canh
canh khoai tím nấu mướp,Món canh
canh bông cải nấu thịt bằm,Món canh
canh súp,Món canh
canh rau má nấu thịt bò,Món canh
đậu que xào ba rọi,Món canh
canh cá diêu hồng nấu ngót,Món canh
canh cá thác lác nấu cải thìa,Món canh
canh chua tôm hoa chuối,Món canh
canh khoai môn nấu sườn,Món canh
canh hến nấu thì là,Món canh
canh bí xanh nấu tôm nõn,Món canh
canh mướp nấu nấm,Món canh
cải rổ xào tỏi,Món canh
canh giá hẹ,Món canh
canh cải xooang nấu bò,Món canh
canh cá điêu hồng nấu ngót,Món canh
phèo non xào cải chua,Món canh
canh điêu hồng nấu nghệ,Món canh
bánh flan rau câu,Món canh
canh bông cải nấu thịt băm,Món canh
cải ngọt xào tỏi,Món canh
canh khoai mỡ nấu tôm khô,Món canh
đọt su su luộc,Món canh
bánh canh cá,Món canh
tép xào khế chua,Món canh
canh cá giấm mẻ,Món canh
canh cải chua hải sản,Món canh
canh khoai môn nấu tôm khô,Món canh
đậu rồng xào tỏi,Món canh
bó xôi xào tỏi,Món canh
canh bầu tôm nõn,Món canh
mướp xào nấm,Món canh
canh măng nấu sườn,Món canh
cải ngồng xào tỏi,Món canh
đậu bắp xào nấm hương,Món canh
bí ngòi xào tỏi,Món canh
canh rau muống nấu me,Món canh
cải thìa xào nấm,Món canh
khoai lang luộc,Món canh
salad rau mầm,Món canh
canh chua tôm cá lóc,Món canh
canh mùng tơi ngao,Món canh
cuống họng luộc,Món canh
canh đậu,Món canh
canh bắp cải,Món canh
ngọn su su xào,Món canh
canh trứng cà chua,Món canh
bắp cải xào,Món canh
su hào xào trứng,Món canh
canh mướp thịt băm,Món canh
móng giò luộc,Món canh
củ cải luộc,Món canh
canh bí nấu nước dùng gà,Món canh
ngô ngọt xào bơ,Món canh
su su luộc chấm muối vừng,Món canh
canh thiên lý nấu mọc,Món canh
súp lơ xào,Món canh
canh rau muống,Món canh
canh cải cúc thịt băm,Món canh
trứng cút luộc,Món canh
rau cải xào,Món canh
củ cải xào,Món canh
canh bí xanh,Món canh
cải ngồng luộc chấm mắm,Món canh
bí đỏ xào tỏi,Món canh
đậu quả xào,Món canh
canh cá,Món canh
canh rau cải,Món canh
nấm xào,Món canh
canh chua cá,Món canh
rau lang xào,Món canh
xu hào xào,Món canh
canh đậu thịt viên,Món canh
súp lơ xào cà rốt,Món canh
bắp giò luộc,Món canh
canh bí nấu mọc,Món canh
canh su hào thịt bằm,Món canh
đậu quả xào tỏi,Món canh
mùng tơi luộc,Món canh
lặc lè (lặc lầy) luộc,Món canh
canh bí xanh nấu thịt,Món canh
đậu hũ chiên giòn,Món chay
đậu hũ sốt cà,Món chay
đậu hũ chiên trứng,Món chay
đậu rim mắm,Món chay
cà muối,Món chay
đậu rán chấm mắm tôm,Món chay
lạc rang,Món chay
ốc nấu đậu,Món chay
đậu sốt cà chua,Món chay
đậu rán giòn,Món chay
lạc rang muối,Món chay
đậu rán,Món chay
cà dầm nước mắm,Món chay
đậu non sốt chanh leo,Món chay
đậu phụ sốt cà chua,Món chay
đậu phụ,Món chay
cà pháo,Món chay
đậu phụ rán,Món chay
đậu phụ sống,Món chay
chả đậu,Món chay
đậu chiên sả ớt,Món chay
đậu tẩm hành,Món chay
đậu trắng sốt cà chua,Món chay
cà muối sổi,Món chay
đậu phụ tứ xuyên,Món chay
đậu nhồi thịt sốt cà chua,Món chay
đậu chiên xù,Món chay
đậu phụ tẩm hành,Món chay
cà dầm mắm,Món chay
cà muối tỏi ớt,Món chay
đậu sốt tứ xuyên,Món chay
sữa đậu nành,Món chay
đậu hũ chiên xù,Món chay
đậu phộng da cá,Món chay
sữa đậu phộng,Món chay
đậu hũ dồn thịt xốt cà chua,Món chay
bún đậu phụ mắm tôm,Món chay
cà phê sữa,Món chay
đậu hủ chiên sả,Món chay
đậu phụ hẹ nấu thịt bằm,Món chay
xà lách cà chua,Món chay
cà ri mực,Món chay
cháo đậu đỏ,Món chay
sữa đậu nành,Món chay
đậu hũ chiên xù,Món chay
sữa đậuphộng,Món chay
càphê sữa nóng,Món chay
sữa đậu xanh nóng,Món chay
sữa đậu nành,Món chay
nướcép cà rốt,Món chay
đậu hũ chiên,Món chay
đậu hũ dồn thịt,Món chay
cháo thịt gà bí xanh đậu đen,Món chay
đậu phụ chiên xù,Món chay
sữa đậu xanh,Món chay
đuôi heo hầm đậu phộng,Món chay
đậu phụ chiên sả,Món chay
gà hầm đậu,Món chay
bò nấu đậu,Món chay
đậu hũ dồn thịt,Món chay
đậu phụ xốt thịt băm,Món chay
thịt heo kho đậu phụ,Món chay
gỏi cuốn bỗng,Món chay
cà phê sữa đá,Món chay
đậu phụ chiên sả ớt,Món chay
đậu hũ trắng kho sườn,Món chay
râu bạch tuộc sốt đậu tương,Món chay
đậu phụ kho lòng heo,Món chay
sữa đậu nàn,Món chay
đậu phụ chiên,Món chay
sữa đậu nành nóng,Món chay
cà phê đá,Món chay
đậu phụ chiên muối sả,Món chay
cà chua ép,Món chay
ba rọi kho cà tím,Món chay
đậu phụ trứng sốt cà,Món chay
váng đậu cuộn thịt,Món chay
chả đậu phụ,Món chay
cá cơm chiên ròn,Món cơm
cá cơm rang,Món cơm
cá cơm chiên bột,Món cơm
cơm chiên dương châu,Món cơm
cơm chiên bí đỏ,Món cơm
cá cơm kho tiêu,Món cơm
cơm tấm,Món cơm
cơm rượu bắc,Món cơm
cơm chiên hải sản,Món cơm
cơm tấm bì chay,Món cơm
cá cơm chiên giòn,Món cơm
cơm chiên cua,Món cơm
sườn chìa nướng cơm nắm,Món cơm
cơm tấm sườn nướng,Món cơm
cá cơm kho đậu tương,Món cơm
cá cơm kho thịt miền nam,Món cơm
cháo trắng cá cơm kho,Món cơm
chè củ năng cơm dừa,Món cơm
giới thiệu mâm cơm hàng ngày cho gia đình,Món cơm
sườn non rang mặn,Món khác
dưa cải muối chua,Món khác
dưa chuột góp,Món khác
dưa chuột chẻ,Món khác
nước mắm dầm trứng,Món khác
nước mắm tỏi ớt,Món khác
sườn sốt cam,Món khác
trứng ốp lết,Món khác
dưa chua củ cải,Món khác
chả sả,Món khác
mắm tép,Món khác
dưa giá,Món khác
chả quế,Món khác
dưa bắp cải,Món khác
sườn sụn sốt chua ngọt,Món khác
dưa chua,Món khác
chả lá lốt,Món khác
dưa muối,Món khác
dưa chuột bao tử muối,Món khác
dưa góp,Món khác
khoai môn lệ phố,Món khác
chả cốm,Món khác
giò lụa,Món khác
lươn sốt cay,Món khác
dưa bắp cải muối,Món khác
trứng dầm nước mắm,Món khác
mắm tép chưng,Món khác
hành muối,Món khác
trứng cút kho tàu,Món khác
trứng ốp la,Món khác
dưa hấu,Món khác
lê ướp lạnh,Món khác
sữa tươi,Món khác
nho,Món khác
trà gừng,Món khác
bún mọc,Món khác
nước cam,Món khác
nước củ sen,Món khác
ngồng cải chấm nước mắm trứng,Món khác
sữa chua,Món khác
dâu giằm,Món khác
táo,Món khác
chuối cau,Món khác
dưa lưới,Món khác
xôi bắp,Món khác
sanwich kẹp jambon xông khói,Món khác
sữa cacao,Món khác
mận,Món khác
lươn um nước dừa,Món khác
nước cam vắt,Món khác
sơ ri ướp lạnh,Món khác
milo nóng,Món khác
lê chẻ,Món khác
sữa tươi,Món khác
mãng cầu giằm sữa,Món khác
mận ướp lạnh,Món khác
hến nấu thì là,Món khác
hạt điều gương,Món khác
điêu hồng kho tương,Món khác
dưa hấu ướp lạnh,Món khác
nho xanh,Món khác
ếch rim sả ớt,Món khác
củ năng nấu sườn,Món khác
dưa món,Món khác
sấu ngăm đường giằm đá,Món khác
bí ngô nấu sườn,Món khác
khoai môn nấu giò,Món khác
mứt thơm,Món khác
sườn kho chua ngọt,Món khác
trà chanh,Món khác
mít ướp lạnh,Món khác
bún thang,Món khác
nước mía,Món khác
dưa khổ qua đèo,Món khác
mực trứng kho tộ,Món khác
bún bung,Món khác
kem dừa,Món khác
nước mơ ngâm,Món khác
sườn non kho cải chua,Món khác
chả giò nghêu,Món khác
bún riêu,Món khác
thơm may mắn,Món khác
sườn khìa nước dừa,Món khác
nước sấu ngâm,Món khác
nước dừa tươi,Món khác
nho ướp lạnh,Món khác
xôi mặn,Món khác
nước chanh  muối,Món khác
kem sầu riêng,Món khác
nước trà gừng,Món khác
xôi xiêm,Món khác
bún mắm,Món khác
sữatươi,Món khác
táo ép,Món khác
táo xanh,Món khác
gỏi su hào nấm tuyết,Món khác
cháo vịt,Món khác
sôcô-lanóng,Món khác
ếch rim xả ớt,Món khác
bưởi épnho,Món khác
bí đỏ nấu sườn,Món khác
bạcxỉu,Món khác
sâm bổ lượng,Món khác
cháo lá dứa hột vịt muối,Món khác
sườn chua ngọt,Món khác
chả mực thì là,Món khác
cháo trắng lá dứa,Món khác
táo ướp lạnh,Món khác
nho tươi,Món khác
trà lài,Món khác
nước sâm,Món khác
sươn sáo,Món khác
phở nghêu,Món khác
cháo hến,Món khác
thanh long ướp lạnh,Món khác
lê ướp đá,Món khác
kiwi tươi,Món khác
thác lác nấu riêu,Món khác
yoghurt đá,Món khác
trứng đút hẹ,Món khác
xoài ướp lạnh,Món khác
sườn ram,Món khác
trà mật ong,Món khác
nước dâu tằm,Món khác
gỏi ngó sen chay,Món khác
dưa hoàng kim,Món khác
sữa chua dâu tây,Món khác
gỏi sứa,Món khác
tàu hũ đá,Món khác
há cảo,Món khác
nước mơ,Món khác
nho tươi,Món khác
bông cải xanh xốt tóc tiên,Món khác
dâu giằm sữa chua,Món khác
sữa bắp,Món khác
gỏi bạc hà,Món khác
nước xí muội,Món khác
lầu cua đồng,Món khác
mực khìa trái dừa,Món khác
yaourt giằm dâu tươi,Món khác
phở hải sản,Món khác
sườn ram thơm chua ngọt,Món khác
chuối cao,Món khác
hủ tiếu khô,Món khác
nước xá xị,Món khác
dưa tây ướp lạnh,Món khác
kim chi dưa leo,Món khác
nước dừa xiêm,Món khác
nước trà nóng,Món khác
nước sâm bí đao,Món khác
trà xanh,Món khác
nước sâm lạnh,Món khác
gỏi măng tươi,Món khác
quýt đường,Món khác
cháo hoa cúc,Món khác
nước  ép chanh dây,Món khác
gỏi cổ hủ dừa,Món khác
nước mía lau,Món khác
gỏi hoa chuối,Món khác
trà bí đao,Món khác
đu đủ ướp lạnh,Món khác
cháo sườn nấm bào ngư,Món khác
trà lipton nóng,Món khác
nước bí đao,Món khác
dâu tươi giằm,Món khác
phèo non cải chua,Món khác
dừa tươi,Món khác
bún măng vịt,Món khác
chạo chay,Món khác
hủ tiếu nam vang,Món khác
gỏi mít non,Món khác
nước dừa tươi,Món khác
trà nóng,Món khác
cam tươi,Món khác
gỏi bưởi,Món khác
nước cam ép,Món khác
gỏi măng,Món khác
khổ qua dồn hải sản,Món khác
nước rong biển bông cúc,Món khác
hủ tiếu sườn,Món khác
mãng cầu giằm,Món khác
nước nho ép,Món khác
đào ướp lạnh,Món khác
mận hà nội ngâm nước đường,Món khác
xoài chín ướp lạnh,Món khác
nho đen ướp lạnh,Món khác
cháo nghêu,Món khác
sữa cao cao nóng,Món khác
nho ép,Món khác
nước mắm gừng,Món khác
tép rim ba rọi,Món khác
bơ giằm sữa,Món khác
táo xanh ép,Món khác
dâu giằm đá,Món khác
thạch trà đường,Món khác
nước táo ép,Món khác
pudding xoài,Món khác
mía ướp lạnh,Món khác
lươn kho măng,Món khác
tàu hủ đá đường,Món khác
xoài xay sữa chua,Món khác
spaghetti xúc xích,Món khác
sandwich kẹp xúc xích,Món khác
nước ổi ép,Món khác
gỏi bê tái chanh,Món khác
gỏi ngó sen,Món khác
thạch kiwi,Món khác
thạch đậụ xanh,Món khác
hủ tiếu,Món khác
nước sơ ri ép,Món khác
nem bắc,Món khác
bún sứa,Món khác
gỏi sầu đâu,Món khác
nước trà lipton,Món khác
chả lục kep sandwich,Món khác
mãng cầu ta ướp lạnh,Món khác
sữa ca cao,Món khác
nước trà atiso,Món khác
chôm chôm ướp lạnh,Món khác
sườn non chua ngọt,Món khác
giá hẹ ngâm chua,Món khác
nước bưởi,Món khác
pizza hải sản,Món khác
vịt khìa,Món khác
miến vịt,Món khác
chuối cau tươi,Món khác
gỏi măng cụt,Món khác
cháo bồ câu,Món khác
vịt kho gừng,Món khác
bồ câu rim sả ớt,Món khác
lipton sữa thạch,Món khác
si rô bạc hà nha đam,Món khác
phở nghêu sa tế,Món khác
sữa ca cao nóng,Món khác
vịt kho chao,Món khác
na ướp lạnh,Món khác
gỏimắm,Món khác
ca cao sữa,Món khác
hủ tiếu nang vang,Món khác
trà lipton,Món khác
thạch dừa,Món khác
sâm dứa sữa,Món khác
ba rọi kho tiêu,Món khác
sơ ri ép,Món khác
cocacola,Món khác
xá xíu kho nước tương,Món khác
cóc chín ướp lạnh,Món khác
lê chưng mật ong,Món khác
cháo mực,Món khác
nước chanh dây,Món khác
trà chanh nóng,Món khác
nước sprite,Món khác
thì là,Món khác
hành tước sợi,Món khác
lê ướp đá,Món khác
kiwi tươi,Món khác
trứng đút hẹ,Món khác
giò me,Món khác
cần tỏi,Món khác
giả cầy,Món khác
dưa chuột ngâm chua ngọt,Món khác
nem lụi,Món khác
,Món khác
su hào ngâm chua ngọt,Món khác
trứng cút sốt chua ngọt,Món khác
bì nấu đông,Món khác
xu hào ngâm chua ngọt,Món khác
dưa chuột cắt lát,Món khác
món cực ngon cho gia đình,Món khác
dưa chuột trộn,Món khai vị
nộm xoài xanh,Món khai vị
nộm hoa chuối,Món khai vị
nộm đu đủ,Món khai vị
nộm sứa,Món khai vị
salad cà chua dưa chuột,Món khai vị
nộm dưa chuột,Món khai vị
cải mầm trộn dầu giấm,Món khai vị
xà lách trộn giấm,Món khai vị
súp cốm,Món khai vị
xà lách trộn dầu giấm,Món khai vị
súp tương miso trứng nấm,Món khai vị
gỏi cóc trộn khô mực,Món khai vị
hải sâm trộn cải thìa,Món khai vị
súp cua bắp non,Món khai vị
salad trái cây,Món khai vị
súp măng sò điệp,Món khai vị
salad xúc xích,Món khai vị
bông cải xanh trộn dầu hào,Món khai vị
súp cua,Món khai vị
bao tử trộn dưa kiệu,Món khai vị
salad táo,Món khai vị
súp nấm tuyết,Món khai vị
salad ớt chuông củ cải chua,Món khai vị
nộm đu đủ xanh chả quế,Món khai vị
súp đậu đỏ nấu đậu phụ,Món khai vị
salad nga,Món khai vị
salad cà dây,Món khai vị
súp lạnh,Món khai vị
sò dương trộn bắp cải tím,Món khai vị
salad cua thanh long,Món khai vị
dưa leo trộn sò điệp,Món khai vị
súp rong biển hải sản,Món khai vị
salad ngô non,Món khai vị
salad càng cua,Món khai vị
nộm chuối chay,Món khai vị
salad cà chua khô,Món khai vị
súp hoành thánh hải sản,Món khai vị
cải chua trộn mắm gừng,Món khai vị
súp khoai tây,Món khai vị
nộm hoa chuối trộn nghêu,Món khai vị
salad táo,Món khai vị
súp nấm tuyết,Món khai vị
dưa chuột trộn chua ngọt,Món khai vị
cá thu chiên mắm ngọt,Món mặn
thịt gà luộc chấm mắm,Món mặn
thịt vịt/gà quay,Món mặn
trứng chiên,Món mặn
thịt xiên nướng,Món mặn
gà xào sả ớt,Món mặn
thịt bò xào cải xanh,Món mặn
cá om dưa cải,Món mặn
thịt ba chỉ luộc,Món mặn
ốc móng tay xào,Món mặn
lòng gà xào nấm,Món mặn
gà rang,Món mặn
cá rô rán giòn,Món mặn
lòng lợn luộc,Món mặn
cá kho tộ,Món mặn
chả cá sốt cà chua,Món mặn
thịt gà rang gừng,Món mặn
thịt ba chỉ kho tàu,Món mặn
cá rán,Món mặn
thịt kho tàu,Món mặn
mướp xào thịt lợn,Món mặn
thịt lợn rang,Món mặn
thịt xào ngồng tỏi,Món mặn
hoa quả tráng miệng,Món mặn
cá rán giòn,Món mặn
thịt lợn luộc,Món mặn
thịt chân giò luộc,Món mặn
tôm nõn rim mắm,Món mặn
thịt ba chỉ chiên giòn,Món mặn
chanh cá nấu chua,Món mặn
thịt ba chỉ rang cháy cạnh,Món mặn
mực trứng chiên giòn,Món mặn
tôm hấp mướp,Món mặn
cá rô phi chiên ròn,Món mặn
thịt bò hấp xả,Món mặn
bò xào cần tỏi,Món mặn
cá om chua,Món mặn
cá hồi kho tiêu,Món mặn
cà tím tẩm bột chiên,Món mặn
mực chiên xù,Món mặn
thịt lợn xào sả ớt,Món mặn
cá rô rán,Món mặn
cá rô chiên,Món mặn
gà hấp lá chanh,Món mặn
mực nhồi thịt chiên,Món mặn
thịt lợn kho tàu,Món mặn
tôm chiên tỏi ớt,Món mặn
bò xào thập cẩm,Món mặn
ngao hấp sả,Món mặn
hoa thiên lý xào thịt bò,Món mặn
cá rô chiên xù,Món mặn
tôm chiên xù,Món mặn
bò xào lúc lắc,Món mặn
tôm hấp sả,Món mặn
tôm rang,Món mặn
ngao hấp,Món mặn
thịt áp chảo,Món mặn
thịt ba chỉ rang cháy cạnh,Món mặn
chả tôm cuốn sả,Món mặn
thịt lợn rang sả ớt,Món mặn
đỗ xào thịt bò,Món mặn
ba rọi heo cuốn rau củ,Món mặn
trứng tráng cuộn,Món mặn
cá hấp xì dầu,Món mặn
bí đao cuộn thịt,Món mặn
cá kho thịt,Món mặn
cá chép xào dưa,Món mặn
trứng chiên cuộn,Món mặn
tai heo luộc,Món mặn
thịt kho trứng cút,Món mặn
gà xiên que,Món mặn
rau cải xào thịt bò,Món mặn
mực trứng hấp xả,Món mặn
tôm chiên xả,Món mặn
tôm chiên sả ớt,Món mặn
cá kho,Món mặn
khoai tây chiên,Món mặn
tôm cuốn khoai tây chiên giòn,Món mặn
cánh gà chiên bơ,Món mặn
thịt xông khói,Món mặn
mướp xào tim lợn,Món mặn
lưỡi lợn xào thập cẩm,Món mặn
gà om xì dầu,Món mặn
thịt bò xào rau củ,Món mặn
thịt chân giò muối,Món mặn
cá trứng rim mắm ớt,Món mặn
sườn nướng mật ong,Món mặn
thịt viên sốt cà chua,Món mặn
sườn rán,Món mặn
cá nục kho,Món mặn
mực chiên giòn,Món mặn
chả rán,Món mặn
lòng xào dưa chua,Món mặn
trứng cút rán sốt cà chua,Món mặn
thịt luộc,Món mặn
cá diêu hồng chiên giòn,Món mặn
thịt kho tàu trứng cút,Món mặn
trứng hấp vân,Món mặn
gà xào chua ngọt,Món mặn
cá thu sốt cà chua,Món mặn
cá trôi chiên ròn,Món mặn
thịt đông,Món mặn
cá diếc chiên ròn,Món mặn
thịt kho trứng,Món mặn
nem rán,Món mặn
mướp đắng nhồi thịt,Món mặn
ốc xào cay,Món mặn
cua đồng rang muối,Món mặn
thịt quay giòn bì,Món mặn
chả cá rán,Món mặn
mực trứng hấp,Món mặn
cánh gà xào chua ngọt,Món mặn
trứng cút chiên xù,Món mặn
cá chạch rán giòn,Món mặn
tôm rang thịt,Món mặn
nộm gà xé phay,Món mặn
cá rô chiên giòn,Món mặn
trứng tráng,Món mặn
cá rô phi chiên giòn,Món mặn
cá om dưa,Món mặn
lòng luộc,Món mặn
cá chim rán,Món mặn
gà nướng mật ong,Món mặn
dưa xào thịt bò,Món mặn
trứng đúc thịt,Món mặn
cá bống chiên giòn,Món mặn
tôm sốt cà chua,Món mặn
cá diêu hồng hấp,Món mặn
cá tẩm bột chiên,Món mặn
bắp bò luộc ngũ vị,Món mặn
gà quay mật ong,Món mặn
lòng xào dưa,Món mặn
cánh gà chiên mắm,Món mặn
nộm tai heo,Món mặn
giá xào lòng mề gà,Món mặn
cá rô nướng,Món mặn
bạch tuộc sa tế,Món mặn
cá ba sa chiên,Món mặn
cá viên chiên,Món mặn
chả cá chiên,Món mặn
gan luộc,Món mặn
bí đao cuốn thịt,Món mặn
thịt lợn quay giòn bì,Món mặn
sườn nướng,Món mặn
trứng chim cút chiên xù,Món mặn
thịt kho dừa,Món mặn
tôm hấp,Món mặn
thịt viên xiên nướng,Món mặn
cá rô kho tiêu,Món mặn
cải cuốn thịt,Món mặn
tôm sốt chua ngọt,Món mặn
cá sốt cà chua,Món mặn
thịt lợn rán,Món mặn
giò bò,Món mặn
thịt lợn rang cháy cạnh,Món mặn
cá trứng chiên giòn,Món mặn
tôm cuộn khoai tây chiên,Món mặn
cá bống kho,Món mặn
cá ba sa chiên xù,Món mặn
cá kèo kho tiêu,Món mặn
tôm rang chua ngọt,Món mặn
cá diếc chiên giòn,Món mặn
súp bó xôi thịt cua,Món mặn
cá chạch kho lá nghệ,Món mặn
bánh mì ốp la,Món mặn
gan heo hầm hà thủ ô,Món mặn
cá chẻm chiên xù,Món mặn
bò xào bông cải,Món mặn
khổ qua dồn thịt,Món mặn
tôm hấp muối,Món mặn
bột cuộn cá chẽm nướng,Món mặn
thịt kho củ cải,Món mặn
bánh hỏi thịt nướng,Món mặn
tôm rim,Món mặn
thiên lý xào thịt bò,Món mặn
sinh tố dưa gang,Món mặn
chả giò cá lóc,Món mặn
cà tím nướng,Món mặn
sườn chiên xả ớt,Món mặn
cải thìa xào tôm,Món mặn
bắp bò ngâm nước mắm,Món mặn
cá trê chiên giòn,Món mặn
thịt xông khói xào măng tây,Món mặn
bò xào tỏi tây,Món mặn
lẩu nấm,Món mặn
mực dồn thịt chiên,Món mặn
sườn heo sốt bbq,Món mặn
cá chim chiên tỏi,Món mặn
trứng hấp tôm,Món mặn
đùi ếch chiên bột,Món mặn
miến gà,Món mặn
cá chẻm hấp cải bẹ xanh,Món mặn
tôm chua riềng,Món mặn
bông bí xào ức gà,Món mặn
xôi gà quay,Món mặn
cá trứng nướng muối ớt,Món mặn
mực dồn thịt,Món mặn
thịt heo xào cải,Món mặn
gà kho gừng,Món mặn
thịt nạc kho tiêu,Món mặn
giá hẹ xào tim heo,Món mặn
cá lóc nướng trui,Món mặn
trứng chiên thịt,Món mặn
nui xào bò,Món mặn
thịt gà xào sa tế,Món mặn
thịt ba rọi quay,Món mặn
xà lách trộn bạch tuộc,Món mặn
bò xào cà ri,Món mặn
cà ri bắp bò sanwich,Món mặn
cá trắm nấu ngót,Món mặn
cá thu chiênxốt chanh dây,Món mặn
tôm xào hạnh nhân,Món mặn
cải xooang nấu bò,Món mặn
cà ri nướng,Món mặn
cá lóc kho tộ,Món mặn
cà chua dồn cốm chiên,Món mặn
móng heo hầm hạt sen,Món mặn
cá bống kho tiêu,Món mặn
ếch chiên bơ,Món mặn
thịt vịt rangmuối,Món mặn
cháo thịtthỏ,Món mặn
thịt bò xào cà ri,Món mặn
thịt ba rọi khotrứng,Món mặn
củ sen xào tôm,Món mặn
ngan kho gừng,Món mặn
ngót nấu cá khoai,Món mặn
rau cải xanh nấu ruốc,Món mặn
phi lê cá ngừ viên sanwich,Món mặn
mướp xào lòng heo,Món mặn
hoa chuối cá kèo,Món mặn
tôm kho rim,Món mặn
cải dún xào gan,Món mặn
rau đắng đất nấu cá lóc,Món mặn
cá trắm hấp cải xanh,Món mặn
bò xào cần nước,Món mặn
gà hầm sả,Món mặn
spaghetti trộn trứng cá cay,Món mặn
khoai tây nhồi thịt heo chiên,Món mặn
hoa thiên lý trộn bò,Món mặn
bí đao xào tôm thịt,Món mặn
hamburger bò,Món mặn
đùi gà chiên tỏi ớt,Món mặn
ba rọi chiên nước mắm,Món mặn
bí đỏ nấu sườn heo,Món mặn
cá rô kho rau răm,Món mặn
nấm bào ngư xào thịt heo,Món mặn
cá trê kho tương,Món mặn
tép rang,Món mặn
rau dền nấu thịt bò,Món mặn
phá lấu bánh mì,Món mặn
lẩu bò,Món mặn
cá lóc kho tộ,Món mặn
cà tím nướng mỡ hành,Món mặn
bò xào nấmbắp non  cà rốt,Món mặn
cá kho dưa hường,Món mặn
tôm nõn xào rau củ,Món mặn
tôm rang trứng muối,Món mặn
cá sốt chanh dây,Món mặn
bò rim ngũ vị,Món mặn
cháo trứng thịt nạc,Món mặn
cá thu  kho gừng,Món mặn
cánh gà chiên xốt tương java,Món mặn
bánh khoai mì,Món mặn
cá bống đục kho nước dừa,Món mặn
lẩu tươi,Món mặn
bún bò giò heo,Món mặn
mì xào dòn,Món mặn
bún cá,Món mặn
vịt quay om nước tương,Món mặn
bánh gan,Món mặn
mì gói nấu hải sản,Món mặn
thịt kho măng,Món mặn
xà lách trộn thịt bò,Món mặn
thịt lẩu xào hành tây ngâm chua,Món mặn
bún bò huế,Món mặn
cà tím chiên giòn,Món mặn
thịt ba rọi kho nấm đông cô,Món mặn
đùi gà om sả tế,Món mặn
cá thu nhật chiên nước mắm,Món mặn
nem thịt,Món mặn
bò nướng kiệu,Món mặn
tôm hấp nước dừa,Món mặn
ốc luộc chấm nước mắm gừng,Món mặn
lẩu thái chua cay,Món mặn
bánh mì ốp la,Món mặn
cáthu nhật nấu ngót,Món mặn
khổ qua dồn thịt,Món mặn
há cảo chiên,Món mặn
bánh chưng chiên sốt sa tếme,Món mặn
thiên lý xào thịt bò,Món mặn
cá lóc kho xốt tương gừng,Món mặn
bột chiên,Món mặn
cải thìa xào tôm thịt,Món mặn
thịt xông khói măng tây,Món mặn
patê gan gà, bánh mì,Món mặn
thịt ba rọi chiên xả ớt,Món mặn
rau càng cua trộn thịtbò,Món mặn
thiên  lý nấu bò,Món mặn
bún thịt nướng,Món mặn
mướp xào lòng gà,Món mặn
cá thu chiên xốt cà,Món mặn
hambuger bò,Món mặn
cá rô kho tộ,Món mặn
bông cải xanh xào cật lợn,Món mặn
bún bò,Món mặn
tôm xào sa tế,Món mặn
lẩu cua đồng bánh đa,Món mặn
thịt bò xào sa tế,Món mặn
cải chua xào chả cá,Món mặn
lẩu cá kèo, bún,Món mặn
gà cuộn lá chanh,Món mặn
bò xào bông hẹ,Món mặn
cá điêu hồng chiên xù,Món mặn
cần ống xào bò,Món mặn
cá hấp trứng,Món mặn
thịt heo kho tiêu,Món mặn
bánh mì trứng ốp la,Món mặn
thịt ba rọi chiên nước mắm,Món mặn
bún gạo xào bò,Món mặn
tép rim thịt heo,Món mặn
gà nấu lá giang,Món mặn
cá trê chiên giòn chấm mắm gừng,Món mặn
lẩu thái,Món mặn
chuối nướng,Món mặn
bánh mì bò kho,Món mặn
cá kèo nướng muối,Món mặn
cá rôkho tiêu,Món mặn
đuôi heo hầm kỷ tử và atiso,Món mặn
khổ qua dồnthịt,Món mặn
bònướng tiêu,Món mặn
thịt kho trứng,Món mặn
gỏi hoa chuối khô bò,Món mặn
bò xào cần,Món mặn
gỏi mítnon tôm thịt,Món mặn
thịt kho dưa cải,Món mặn
cá nục hấp hành,Món mặn
cải cuộn thịt bò,Món mặn
cải cúc nấu tôm,Món mặn
bún chả cá,Món mặn
gỏi tôm ngó sen,Món mặn
giò heo hầm măng khô,Món mặn
rau dền nấu thịt bằm,Món mặn
mì căn xào cải,Món mặn
khoai mỡ nấu tôm,Món mặn
cá bống kho tộ,Món mặn
cà tím dồn thịt,Món mặn
tôm hấp mía lau,Món mặn
cá thu xốt xoài,Món mặn
bông cải xào tôm,Món mặn
dưa gang giằm,Món mặn
gà nướng muối ớt,Món mặn
giò heo hầm rau củ,Món mặn
bánh mì cá ngừ,Món mặn
gỏi mít tôm thịt,Món mặn
cua rang me,Món mặn
bông hành xào tôm thẻ,Món mặn
tép rang thịt ba chỉ,Món mặn
bò trộn càng cua,Món mặn
bánh chuối hấp,Món mặn
gỏi xoài tôm thịt,Món mặn
bò xốt ngũ vị,Món mặn
ốc nấu chuối xanh,Món mặn
khổ qua nhồi thịt,Món mặn
cá chạch kho gừng,Món mặn
bông bí nhồi thịt,Món mặn
mì xào bò,Món mặn
bắp bò kho nghệ,Món mặn
thịt ba chỉ kho tàu,Món mặn
gà hấp cải xanh,Món mặn
bò nướng lá lốt,Món mặn
tôm hấp hành,Món mặn
cháo thịt thỏ,Món mặn
cá trê hấp gừng,Món mặn
chả cá thu nướng,Món mặn
bò nấu tiêu xanh,Món mặn
bông thiên lý xào thịt bò,Món mặn
bò xào cần tây,Món mặn
bánh mì thịt quay,Món mặn
trứng chiên hẹ với thịt gà,Món mặn
cá điêu hồng kho thơm,Món mặn
cháo cá lóc,Món mặn
ốc nhồi thịt,Món mặn
gỏi hoa chuối bò khô,Món mặn
muối sả mắm ruốc kho,Món mặn
gà nấu lá giang,Món mặn
tôm xốt me,Món mặn
hàu nướng phô mai,Món mặn
bánh hỏi thịt quay,Món mặn
bí đao xào thịt,Món mặn
ức gà xào nấm,Món mặn
cháo thịt bò tần ô,Món mặn
cá kho tương bần,Món mặn
lươn cuộn lá ngải đắng nướng,Món mặn
bông hẹ xào bò,Món mặn
bánh mì trứng ốp la xúc xích,Món mặn
nấm tuyết xào gà,Món mặn
mì trứng xào hải sản,Món mặn
đùi gà chiên muối sả,Món mặn
bò rim,Món mặn
bánh mì nướng phô mai,Món mặn
trứng cá thu hấp gừng,Món mặn
tép đồng cuốn bánh tráng,Món mặn
cá lóc kho tương gừng,Món mặn
bò cuộn phô mai nướng,Món mặn
thịt ba rọi chiên,Món mặn
salad rau củ với trứng đà điểu luộc,Món mặn
tôm xóc trứng muối,Món mặn
cá thiều nướng muối ớt,Món mặn
bánh mì pa tê,Món mặn
gà kho tàu,Món mặn
gỏi nha đam tôm tươi,Món mặn
bánh chuối nướng,Món mặn
bao tử hầm tiêu,Món mặn
măng xào tôm,Món mặn
gỏi khô cá lóc dưa leo,Món mặn
lẩu bắp bò nhúng hành răm,Món mặn
cá lóc hấp bầu,Món mặn
sườn heo nướng muối,Món mặn
thịt heo luộc mắm thái,Món mặn
giá xào tim heo,Món mặn
gà tiềm,Món mặn
heo rừng nướng, ăn kem bún rau sống,Món mặn
bao tử heo nhồi thịt hấp,Món mặn
bánh cuốn nem nướng,Món mặn
gỏi củ hũ dừa tôm thịt,Món mặn
cá bống mú xốt hạt sen,Món mặn
heo nướng mè,Món mặn
bò kho sả,Món mặn
bánh bò hấp,Món mặn
hoa mướp xào thịt gà,Món mặn
thịt heo nường mè,Món mặn
cà ri tôm rau củ,Món mặn
gỏi gân heo măng chua,Món mặn
cá lóc kho bầu,Món mặn
bông bí xào thịt bò,Món mặn
cừu việt nam nướng khoai lang chiên,Món mặn
thịt heo quay,Món mặn
lẩu mắm, bún tươi,Món mặn
gỏi bò trộn đu đủ,Món mặn
cánh gà nướng hương quế,Món mặn
sườn heo nướng,Món mặn
bò xào ớt chuông,Món mặn
cá tìm nhồi thịt,Món mặn
phở bò,Món mặn
cá chép kho gừng,Món mặn
rau muống xào gan heo,Món mặn
thịt heo kho dưa cải,Món mặn
bánh bèo tôm cháy,Món mặn
gà kho nước tương,Món mặn
cá chạch kho nghệ,Món mặn
bò xào hành cần,Món mặn
cá lóc kho tiêu,Món mặn
bao tử hầm tiêu xanh,Món mặn
bánh ướt thịt nướng,Món mặn
cà chua dồn thịt,Món mặn
giá hẹ xào thịt bò,Món mặn
tôm nướng muối ớt,Món mặn
các chình chiên muối ớt,Món mặn
thịt luộc mắm tôm,Món mặn
bún tôm rau cần,Món mặn
cá hú kho tộ,Món mặn
xôi thịt quay,Món mặn
măng xào thịt,Món mặn
tôm rang me,Món mặn
óc heo chưng,Món mặn
thiên lý xào bò,Món mặn
trứng chiên nấm,Món mặn
gà chiên bơ,Món mặn
lẩu cá kèo,Món mặn
bò xào khoai tây,Món mặn
thịt heo nướng tiêu,Món mặn
cải chua xào tôm,Món mặn
cá thác lác viên chiên xù,Món mặn
sò huyết rang me,Món mặn
cá basa kho xoài,Món mặn
lòng gà rim nước dừa,Món mặn
vịt nướng xốt me,Món mặn
cật heo chấy tỏi,Món mặn
củ hũ dừa xào tôm,Món mặn
cà xào thịt bằm,Món mặn
tim bò nướng cay,Món mặn
kèo nèo xào tôm thịt,Món mặn
sườn rim tôm,Món mặn
giò heo rút xương chiên,Món mặn
lẩu mắm,Món mặn
mì ý xào bò,Món mặn
cá thu kho thịt ba chỉ,Món mặn
bò xào bông hành,Món mặn
óc heo chiên giòn,Món mặn
cà tím lăng bột chiên,Món mặn
cá chình nấu ớt xiêm,Món mặn
cá kèo kho rau răm,Món mặn
sườn nướng nước cốt dừa,Món mặn
mực nhồi xôi chiên,Món mặn
cá thu hấp tương gừng,Món mặn
tôm bọc củ sen chiên,Món mặn
chạo cá nướng sả,Món mặn
sườn nướng ruốc huế,Món mặn
lẩu cua đồng,Món mặn
gỏi sen tôm thịt,Món mặn
gà quay,Món mặn
sandwich tươi nhân thịt gà,Món mặn
thịt bò kho,Món mặn
gà hấp hành,Món mặn
cá chẻm hấp gừng,Món mặn
cá ngừ kho thơm,Món mặn
cánh gà chiên nước mắm,Món mặn
tôm kho tiêu,Món mặn
cà tím xào thịt bằm,Món mặn
cá nục kho me,Món mặn
bắp non trộn gân bò,Món mặn
gà sao nấu sả,Món mặn
cháo thịt bò cà rốt,Món mặn
cá chẻm chiên xù xốt caramel,Món mặn
bắp cải tím trộn nghêu hấp,Món mặn
rau dền nấu tôm,Món mặn
tôm kho củ sen,Món mặn
sườn heo chiên xốt cà chua,Món mặn
mực chiên giòn vị trà xanh,Món mặn
nấm bạch tuyết xào thăn heo,Món mặn
bún khô xào bắp cải tím thịt bò,Món mặn
cá lóc kho dừa,Món mặn
khoai tây dồn thịt đút lò phô mai,Món mặn
salad gà,Món mặn
cá hồi chiên xốt gấc,Món mặn
gỏi gà rau đắng,Món mặn
tôm rim ba rọi,Món mặn
thịt bò xào cần,Món mặn
ếch hầm nồi đất,Món mặn
hoa kim châm xào thịt bò,Món mặn
mì quảng,Món mặn
thịt cua xào chua ngọt,Món mặn
ếch chiên giòn,Món mặn
sandwich nướng phi lê cá hồi,Món mặn
cá điêu hồng kho tương,Món mặn
bún cá quỳnh côi,Món mặn
mì lạnh trộn bò,Món mặn
cá lóc om hoa điên điển,Món mặn
nghêu nướng mỡ chài,Món mặn
rau cải xoong trộn bò,Món mặn
bánh mì cá hộp,Món mặn
cà chua dồn thịt đút lò,Món mặn
hoa mướp xào ức gà,Món mặn
hủ tiếu giò heo,Món mặn
lẩu vịt,Món mặn
cháo gà,Món mặn
sườn nướng xốt xí muội,Món mặn
rau muống chẻ trộn tôm,Món mặn
bún giò heo nấu dọc mùng,Món mặn
thịt kho tiêu,Món mặn
súp trái cây nấu gà,Món mặn
lươn nướng trộn hành tây,Món mặn
chả giò chiên,Món mặn
lẩu hải sản,Món mặn
bí ngòi hấp xốt dâu,Món mặn
cá chẻm xốt cam,Món mặn
chả giò tôm bắp,Món mặn
đọt bí xào thịt ba chỉ,Món mặn
tôm nấu tỏi,Món mặn
hến xào xúc bánh tráng,Món mặn
thịt bò xào bông cải,Món mặn
bánh hỏi cuốn thịt quay,Món mặn
bông cải xao cật heo,Món mặn
cá trê chiên giòn,Món mặn
lươn cuốn lá cách chiên,Món mặn
đu đủ trộn tôm,Món mặn
ba rọi chiên giòn,Món mặn
bún cá thu,Món mặn
bò nhúng giấm,Món mặn
cá thu chiên xốt me,Món mặn
gà kho chay,Món mặn
mì gói xào sò điệp,Món mặn
cá rô đồng kho tộ,Món mặn
cánh gà ram me,Món mặn
salad cà sốt trứng chiên chua cay,Món mặn
bánh mì cuộn kem trái cây,Món mặn
sườn lợn xào ngũ sắc,Món mặn
gà xốt chanh dây,Món mặn
mì xào hải sàn,Món mặn
cá bống ram nghệ,Món mặn
đọt bí xào thịt bò,Món mặn
tôm trộn ba khía,Món mặn
bò kho ớt,Món mặn
bún gạo nấu bò viên,Món mặn
thịt ba chỉ kho keo,Món mặn
thịt xào rau củ,Món mặn
cá hồi chưng tương,Món mặn
sò huyết hấp rượu,Món mặn
tôm cuốn khoai tây vàng giòn,Món mặn
lẩu nấm thịt bò,Món mặn
củ sen nhồi thịt ráng,Món mặn
thịt kho nấm rơm,Món mặn
miến gà tôm thịt,Món mặn
chả đùm thịt gà,Món mặn
gỏi nha đam tôm,Món mặn
cháo lòng,Món mặn
salad thịt bò cà tím,Món mặn
cá trê kho tiêu,Món mặn
thịt nhồi nấu đông cô rim dầu hào,Món mặn
lưỡi heo nấu pate,Món mặn
bánh bí đỏ hấp,Món mặn
thịt kho nước dừa,Món mặn
cánh vịt nấu tương,Món mặn
đùi heo xông khói cuộn bơ,Món mặn
cà tím nhồi thịt rim nước tương,Món mặn
thịt luộc cuốn bánh tráng mè,Món mặn
salad xoài thịt gà,Món mặn
gà xào xúp lơ,Món mặn
cá trứng nướng,Món mặn
cháo cá lóc rau đắng,Món mặn
cá điêu hồng hấp tàu xì,Món mặn
gỏi cải đắng trộn tôm thịt,Món mặn
tôm rim thịt,Món mặn
cải bó xôi xào bò,Món mặn
sườn heo xiên sốt cà chua,Món mặn
ớt chuông xào bò,Món mặn
rau càng cua trộn thịt bò trứng bách thảo,Món mặn
cá lóc kho nghệ,Món mặn
thịt ba rọi kho trứng,Món mặn
hoa thiên lý xào bò,Món mặn
thịt cua xao chua ngọt,Món mặn
mực dồn thịt xốt cam,Món mặn
gà kho sả nghệ,Món mặn
rau càng cua trộn thịt bò,Món mặn
bánh xèo thịt vịt,Món mặn
bắp bò hấp hành,Món mặn
tôm trộm ba khía,Món mặn
cá sapa chiên dầu mè,Món mặn
gỏi gà rau má,Món mặn
thịt heo kho tàu,Món mặn
cá trê chiên mắm gừng,Món mặn
chào gà,Món mặn
gỏi gà bắp cải,Món mặn
cá lóc nướng muối ớt,Món mặn
cải xanh luộc cuộn nấm sốt thăn heo xào gừng,Món mặn
bánh mì cá,Món mặn
đà điểu xào thiên lý,Món mặn
phở gà,Món mặn
bánh hỏi heo quay,Món mặn
cánh gà chiên nướng,Món mặn
gỏi khô cá sặt dưa leo,Món mặn
chim cút chiên bơ,Món mặn
cá hồi áp chảo,Món mặn
bồ câu nướng muối ớt,Món mặn
cháo gà ác hạt sen,Món mặn
gà hầm cam mỹ bánh mì,Món mặn
cà rigà,Món mặn
cá kèo chiên xù,Món mặn
gan bò xào tứ xuyên,Món mặn
nước ép cốc ổi,Món mặn
gà kho tiêu xanh,Món mặn
bồ câu hầm hạt sen,Món mặn
sườn đà điểu nướng mật ong,Món mặn
bò trộn rau càng cua,Món mặn
tim heo xào chua ngọt,Món mặn
nấm nướng giấy bạc,Món mặn
cháo cá kim châm,Món mặn
gân đà điểu tiềm rau củ,Món mặn
đà điểu bít tết bánh mì,Món mặn
gỏi bắp bò cần tây,Món mặn
lươnnướng lá dứa,Món mặn
cá chép kho riềng,Món mặn
tôm ghim tỏi và laghim,Món mặn
gà xào sa tế,Món mặn
cá chẻm muối sả chiên,Món mặn
rong chân vịt trộn gà,Món mặn
heo giả cầy,Món mặn
nấm mỡ xốt thịt ham,Món mặn
cá trê chiên giòn mắm gừng,Món mặn
bò xào chua ngọt,Món mặn
lẩu cá thu,Món mặn
cá trê kho me,Món mặn
cua rang me,Món mặn
ếch chiên sả ớt,Món mặn
măng tây sốt hấp trứng,Món mặn
cải xoong xào bò,Món mặn
đùi gà nướng mẻ,Món mặn
bún giò heo,Món mặn
tôm càng sốt trứng muối,Món mặn
bún gạo xào tôm,Món mặn
ốc dừa xào bơ,Món mặn
bông cải xào tôm,Món mặn
thịt bò nhúng giấm,Món mặn
bún bánh tráng rau sống,Món mặn
bánh mì jambon,Món mặn
cá thác lác chiên xù,Món mặn
gan heo xốt tỏi,Món mặn
cá lóc kho gừng,Món mặn
cá lóc cuộn nấm nướng sốt chanh,Món mặn
gân hầm xốt xo,Món mặn
cá chẻm xốt chanh dây,Món mặn
thịt kho nghệ,Món mặn
mắm thái trộn thịt ba chỉ,Món mặn
bông cải sauce tôm,Món mặn
chả cá thác lác chiên,Món mặn
cá chép kho dưa,Món mặn
đầu cá chép nấu riêu thì là,Món mặn
rau ngổ luộc chấm nước cá kho,Món mặn
gỏi khô bò,Món mặn
cá thu chiên xốt tiêu,Món mặn
gân bò kho,Món mặn
lẩu vịt quay thập cẩm,Món mặn
giá hẹ xào gan,Món mặn
mì xào tôm,Món mặn
cá bông lau kho,Món mặn
trứng chiên thịt băm,Món mặn
nộm gân bò trộn cần tây,Món mặn
chả cá lã vọng ăn kèm bún,Món mặn
lẩu sụn cá hồi ăn kèm bún,Món mặn
nấm rau các loại,Món mặn
thịt gà viên nướng mèđen,Món mặn
hàu chiên trứng,Món mặn
xôi chiên gà rôti,Món mặn
bò trộn càng cua,Món mặn
bò xốt ngũ vị,Món mặn
bông bí nhồi thịt,Món mặn
tôm chiên củ sen,Món mặn
trám nhồi thịt,Món mặn
lẩu cháo ( phúc kiến ),Món mặn
cá thu rim dầu hào,Món mặn
thịt rán,Món mặn
tôm đồng rim,Món mặn
giá xào thịt bò,Món mặn
thịt rang cháy cạnh,Món mặn
giá xào lòng gà,Món mặn
tôm băm rim,Món mặn
cà tím tẩm bột chiên giòn,Món mặn
cá bạc má kho,Món mặn
gà chiên nước mắm,Món mặn
cá rô phi tẩm bột chiên,Món mặn
bao tử cá basa xào,Món mặn
thịt bò xào ớt chuông,Món mặn
ruốc cá,Món mặn
cá trứng rim tiêu,Món mặn
thịt viên nấm sốt cà chua,Món mặn
bánh mỳ cuộn tôm chiên,Món mặn
gà rang gừng,Món mặn
sườn nướng sốt bbq,Món mặn
cá rô phi chiên,Món mặn
thịt nướng sốt bbq,Món mặn
gà luộc,Món mặn
cá thu rim mắm tỏi,Món mặn
cá quả kho tộ,Món mặn
cá chim chiên giòn,Món mặn
mực chiên mắm,Món mặn
cá lanh kho khô,Món mặn
cà tím nhồi thịt nướng,Món mặn
cá chim sốt cà chua,Món mặn
mực chiên mắm tỏi,Món mặn
thịt xào hành,Món mặn
chân giò hầm hạt sen,Món mặn
cá điêu hồng hấp xì dầu,Món mặn
cá thu sốt tỏi,Món mặn
thịt viên sốt nấm,Món mặn
bò kho gừng sả,Món mặn
thịt nướng,Món mặn
cải mèo xào thịt bò,Món mặn
cá thu chiên,Món mặn
thịt viên,Món mặn
nước ép cà rốt,Món tráng miệng
sinh tố dâu,Món tráng miệng
nước ép ổi,Món tráng miệng
chè đậu đen,Món tráng miệng
nước ép củ dền,Món tráng miệng
bánh flan,Món tráng miệng
sinh tố cà chua,Món tráng miệng
chè hạt sen nhãn nhục,Món tráng miệng
nước ép táo xanh,Món tráng miệng
bánh bao,Món tráng miệng
nước ép bưởi,Món tráng miệng
nước ép dưa hấu,Món tráng miệng
sinh tố sa-pô-chê,Món tráng miệng
chè đậu xanh đánh,Món tráng miệng
sinh tố bơ,Món tráng miệng
bắp bò hầm đậu trắng ăn kèm bánh mì,Món tráng miệng
nước ép nho,Món tráng miệng
sinh tố khoai mỡ và khoai môn,Món tráng miệng
nước ép cóc,Món tráng miệng
sinh tố sa-bô-chê,Món tráng miệng
chè hạt sen,Món tráng miệng
nước ép táo, nam việt quất,Món tráng miệng
sinh tố cà chua,Món tráng miệng
nước ép vải,Món tráng miệng
sinh tố chuối và dứa,Món tráng miệng
sinh tố đu  đủ,Món tráng miệng
nước ép bưởi,Món tráng miệng
nước ép táo,Món tráng miệng
sinh tố xoài,Món tráng miệng
chè mủ trôm,Món tráng miệng
sinh tố dưa hấu,Món tráng miệng
sinh tố sa-bô-chê,Món tráng miệng
bánh đa cua,Món tráng miệng
chè hạt sen,Món tráng miệng
nước ép chanh dây,Món tráng miệng
chè đậu xanh,Món tráng miệng
chè bắp,Món tráng miệng
nước ép thơm,Món tráng miệng
chè khoai cao,Món tráng miệng
trái cây ướp lạnh,Món tráng miệng
chè hoa cúc táo đỏ,Món tráng miệng
chè nhãn nhục,Món tráng miệng
chè thái,Món tráng miệng
chè khoai môn,Món tráng miệng
chè táo xọn,Món tráng miệng
chè nếp than,Món tráng miệng
bánh bèo,Món tráng miệng
sinh tố kiwi,Món tráng miệng
nước ép ổi,Món tráng miệng
sinh tố chuối,Món tráng miệng
sinh tố sa-bô-chê,Món tráng miệng
chè hạnh nhân,Món tráng miệng
sinh tố càchua,Món tráng miệng
nước épvải,Món tráng miệng
chè đậu ngự,Món tráng miệng
sinh tố đu đủ,Món tráng miệng
sinh tố mãng cầu,Món tráng miệng
sinh tố xoài,Món tráng miệng
chè đậu đỏ,Món tráng miệng
bánh cuốn,Món tráng miệng
sinh tố mãng cầu,Món tráng miệng
chè môn,Món tráng miệng
sinh tố dừa,Món tráng miệng
sinh tốdâu,Món tráng miệng
nước épthơm,Món tráng miệng
chè đậu xanh nước dừa,Món tráng miệng
nước ép xoài,Món tráng miệng
chè củ năng hạtlựu,Món tráng miệng
bánh nậm,Món tráng miệng
chè hạtsen nhãn nhục,Món tráng miệng
nước ép càrốt,Món tráng miệng
chè hạt sen nhãn,Món tráng miệng
chè đậu xanhbột báng,Món tráng miệng
trái cây thập cẩm,Món tráng miệng
bánh flan dừa,Món tráng miệng
chè chuối,Món tráng miệng
chè củ năng hạt lựu,Món tráng miệng
chè trôi nước,Món tráng miệng
chè mè đen,Món tráng miệng
nước ép lê,Món tráng miệng
chè đậu ván,Món tráng miệng
bánh pizza nấm,Món tráng miệng
bánh lá,Món tráng miệng
nước trái cây và trà lipton,Món tráng miệng
chè hạt sen , táo tàu,Món tráng miệng
sinh tố mãng cầu,Món tráng miệng
bánh bột lọc,Món tráng miệng
bánh mousse xoài,Món tráng miệng
sinh tố mít,Món tráng miệng
trái cây giằm,Món tráng miệng
nước ép cà chua,Món tráng miệng
bánh xếp quai vạc,Món tráng miệng
bánh dày chả lụa,Món tráng miệng
sinh tố cà rốt,Món tráng miệng
bánh bèo chén,Món tráng miệng
yaourt trái cây,Món tráng miệng
chè bưởi,Món tráng miệng
nước ép cam,Món tráng miệng
chè hạt sen long nhãn,Món tráng miệng
trái cây tươi,Món tráng miệng
chè trái cây,Món tráng miệng
chè thưng,Món tráng miệng
kem trái cây, nho khô,Món tráng miệng
chè bánh lọt đậu xanh,Món tráng miệng
chè hạt sen táo tàu,Món tráng miệng
chè thập cẩm,Món tráng miệng
bánh ướt chả lụa,Món tráng miệng
chè sương sa hạt lựu,Món tráng miệng
chè trái vải sương sa,Món tráng miệng
bánh cuốn nóng,Món tráng miệng
bánh xèo nấm,Món tráng miệng
chè mè đe,Món tráng miệng
chè thưng khoai môn,Món tráng miệng
sinh tố chuối dừa,Món tráng miệng
nước ép ổi xá lị,Món tráng miệng
nước ép sơ ri,Món tráng miệng
chè bí đỏ sữa tươi,Món tráng miệng
sinh tố saboche,Món tráng miệng
chè tàu hũ ky,Món tráng miệng
chè sương sáo,Món tráng miệng
sinh tố sa bô chê,Món tráng miệng
chè bà ba,Món tráng miệng
nước ép dứa,Món tráng miệng
bánh dứa caramel,Món tráng miệng
bánh chuối,Món tráng miệng
chè thốt nốt nước dừa,Món tráng miệng
chè đậu đỏ bánh lọt,Món tráng miệng
nước ép cóc chín,Món tráng miệng
chè sấu,Món tráng miệng
chè bánh lọt,Món tráng miệng
bánh xu trà xanh,Món tráng miệng
bánh crepe,Món tráng miệng
bánh pudding xoài,Món tráng miệng
chè đậu xanh phổ tai,Món tráng miệng
bánh flan ca cao,Món tráng miệng
sinh tố sầu riêng,Món tráng miệng
bánh su jambon,Món tráng miệng
nước ép mận,Món tráng miệng
bánhphô mai sầu riêng,Món tráng miệng
bánh su nhân trà xanh,Món tráng miệng
chè xoài trân châu,Món tráng miệng
chè bo bo nấu phổ tai,Món tráng miệng
bánh hạnh nhân,Món tráng miệng
chè đậu xanh viên nướcdừa,Món tráng miệng
chè đậu xanh bột báng,Món tráng miệng
kem tươi trà xanh trái cây,Món tráng miệng
hoa quả (xoài, đu đủ?),Món tráng miệng
