mon_01,mon_02,mon_03,mon_04,mon_05,mon_06
thịt xiên nướng,đậu hũ chiên giòn,rau bí xào tỏi,,,
canh sườn nấu chua,đậu hũ sốt cà,rau muống luộc ăn kèm cà pháo,"tép khô xào hành, khế",,
,,,,,
,,,,,
gà xào sả ớt,thịt bò xào cải xanh,canh chua tôm,,,
thịt vịt/gà quay,canh chua,trứng chiên,dưa chuột trộn.,,
cá thu chiên mắm ngọt,mực xào bầu,canh tập tàng nấu tôm,,,
thịt gà luộc chấm mắm,rau muống luộc,rau bí xào tỏi,,,
mực xào chua ngọt,sườn non ram mặn,canh khổ qua nấu với thịt viên,,,
,,,,,
đậu hũ chiên trứng,rau củ luộc chấm kho quẹt,canh chua nấu tôm,,,
,,,,,
canh bí nhồi thịt,cá om dưa cải,khổ qua xào trứng,,,
cá kho tộ,đậu đũa luộc,chả cá sốt cà chua,cà muối,,
thịt ba chỉ luộc,đậu rim mắm,canh rau ngót nấu thịt,lòng gà xào nấm,cà muối,
canh ngao,dưa cải muối chua,sườn xào chua ngọt,thịt xào ngồng tỏi,hoa quả tráng miệng,
rau muống luộc,cá rán,thịt kho tàu,canh cá nấu chua,,
đậu rán chấm mắm tôm,gà rang,lạc rang,rau thơm ăn kèm,,
tôm nõn rim mắm,canh chua,cải thảo luộc,dưa chuột góp,sườn sụn xào,
rau bí luộc,sườn xào dứa,canh bầu nấu ngao,đậu rán,,
đậu cove xào lòng,thịt gà rang gừng,bí xanh luộc chấm vừng,,,
dưa cải muối chưa,canh mướp lòng gà,thịt ba chỉ kho tàu,lạc rang muối,rau muống luộc,
đậu rán giòn,cá rô rán giòn,canh cua cà muối,rau muống luộc,lòng lợn luộc,
ốc nấu đậu,đậu sốt cà chua,cá rô rán giòn,rau mồng tơi luộc,,
canh cua cà muối,mướp xào thịt lợn,su su luộc,thịt lợn rang,,
canh xương,bí ngô xào tỏi,thịt lợn luộc,hoa quả tráng miệng,,
thịt chân giò luộc,canh mướp,canh cá nấu chua,đậu đũa xào lòng,,
thịt ba chỉ chiên giòn,chanh cá nấu chua,cá rán giòn,rau sống ăn kèm,,
cá rán giòn,canh cá chua,đậu đũa xào,,,
canh mướp đắng nhồi thịt,salad rau,thịt ba chỉ luộc,ốc móng tay xào,,
thịt chân giò luộc,cá rô rán,đậu bắp xào tỏi,rau muống luộc,,
hoa thiên lý xào thịt bò,cá rô chiên xù,dưa xào,đỗ luộc,,
tôm hấp sả,rau muống xào tỏi,canh rau mồng tơi nấu ngao,cà dầm nước mắm,,
thịt ba chỉ rang cháy cạnh,cà tím xào,canh khoai sọ nấu thịt gà,đậu phụ luộc,,
sườn xào chua ngọt,măng xào,canh bí nấu thịt gà,dưa chuột chẻ,,
gà hấp lá chanh,canh khoai sọ nấu xương,rau muống luộc,nước mắm tỏi ớt,,
cá hồi kho tiêu,cà tím tẩm bột chiên,măng tây xào bơ tỏi,rau muống luộc,,
thịt lợn xào sả ớt,canh dưa thịt bò,rau bắp cải luộc,nước mắm dầm trứng,,
bò xào đậu,rau muống xào tỏi,ngao hấp sả,bí xanh luộc,,
tôm rang,rau muống luộc,ngao hấp,nước mắm tỏi ớt.,,
đậu sốt cà chua,mực trứng chiên giòn,rau muống luộc,tôm hấp mướp,,
cá rô chiên,đậu sốt cà chua,rau muống luộc,canh rau chua,,
tôm chiên xù,bắp cải luộc,lạc rang,canh hoa thiên lý nấu cua,,
bò xào lúc lắc,trứng cút xào chua ngọt,canh bí nấu tôm,rau củ quả luộc,,
bò xào cần tỏi,cá om chua,đỗ luộc,đậu phụ luộc,,
mực nhồi thịt chiên,thịt lợn kho tàu,canh ngao chua,rau muống luộc,,
mực chiên xù,ốc om chuối đậu,canh ngao chua,dưa chuột chẻ,,
cá rô phi chiên ròn,thịt bò hấp xả,rau muống xào tỏi,bí xanh luộc,,
tôm chiên tỏi ớt,bò xào thập cẩm,canh khoai sọ hầm xương,rau củ quả luộc chấm muối vừng,,
thịt lợn rang sả ớt,canh măng chua,canh bầu nấu tôm,,,
đỗ xào thịt bò,thịt chân giò luộc,canh rau đay mướp,canh dưa chua,,
thịt áp chảo,ngồng cảo xào tỏi,đậu non sốt chanh leo,canh ngao nấm kim cải thảo,,
cá kho,hoa thiên lý xào thịt bò,khoai tây chiên,canh cải thảo giá đỗ,,
vịt om sấu,đậu phụ luộc,rau muống xào tỏi,canh rau muống cà chua,,
sườn xào chua ngọt,tai heo luộc,nộm xoài xanh,canh rau ngót thịt băm,,
gà xiên que,rau cải xào thịt bò,canh bí nấu xương,đậu phụ,cà pháo,
cá hấp xì dầu,bí đao cuộn thịt,rau muống luộc,nước rau muống chua,,
cánh gà chiên bơ,thịt xông khói,bắp cải luộc,canh bầu nấu tôm,,
tôm chiên sả ớt,canh dưa thịt bò,rau muống luộc,dưa chuột chẻ,,
chả tôm cuốn sả,đậu phụ sốt cà chua,rau muống luộc,,,
sườn sốt cam,mướp hương xào nấm,trứng ốp lết,canh bí nấu xương,,
ốc om chuối đậu,thịt ba chỉ rang cháy cạnh,rau cải chíp luộc,,,
đậu phụ rán,tôm cuốn khoai tây chiên giòn,dưa xào cà chua,rau muống luộc,,
bò xào thập cẩm,thịt kho trứng cút,rau muống luộc,canh rau muống chua,,
cá kho thịt,canh rau cải nấu thịt băm,rau muống luộc,nước rau muống chua,,
ba rọi heo cuốn rau củ,trứng tráng cuộn,canh măng nấu móng giò,rau muống xào,,
bê xào xả ớt,tôm chiên xả,rau củ quả luộc,canh khoai sọ hầm xương,,
cá chép xào dưa,trứng chiên cuộn,rau muống luộc,bí xanh luộc,,
chả đậu,gà om xì dầu,canh mướp nấu thịt,súp lơ luộc,,
mướp xào tim lợn,lưỡi lợn xào thập cẩm,canh cải thảo thịt bò,đậu phụ sống,,
mực trứng hấp xả,đậu phụ rán,hoa bí xào tỏi,canh rau cải nấu thịt,,
cá nục kho,mực chiên giòn,chả rán,canh mồng tơi nấu tôm,,
chả cá sốt cà chua,tôm rang,canh dưa cà chua,rau muống luộc,cà pháo,
thịt luộc,mắm tép,canh rau ngót,dưa chuột chẻ,dưa giá,
thịt gà rang gừng,thịt kho tàu,canh mồng tơi nấu cua,cà pháo,,
cá diêu hồng chiên giòn,cải thảo xào,thịt kho tàu trứng cút,canh cá nấu chua,,
trứng hấp vân,đậu chiên sả ớt,đỗ luộc,,,
gà xào chua ngọt,chả quế,rau muống luộc,nộm hoa chuối,,
lòng xào dưa chua,trứng cút rán sốt cà chua,canh cải thảo cuốn thịt,đậu bắp luộc,,
sườn nướng mật ong,thịt viên sốt cà chua,canh cải ngọt nấu thịt,su su luộc,,
thịt bò xào rau củ,thịt chân giò muối,cá trứng rim mắm ớt,dưa chua củ cải,canh bầu nấu tôm,
sườn rán,khoai tây xào cà chua,chả sả,canh rau muống nấu ngao,,
mực trứng hấp,sườn sụn sốt chua ngọt,canh khoai sọ rau rút,cà pháo,,
thịt ba chỉ rang cháy cạnh,mực xào dứa,canh ngao nấu dứa,dưa chuột chẻ,,
cánh gà xào chua ngọt,trứng cút chiên xù,canh bí đỏ nấu sườn,dưa chua,,
thịt kho trứng,nem rán,mướp đắng nhồi thịt,nộm đu đủ,,
mướp đắng nhồi thịt,đậu trắng sốt cà chua,canh đậu hũ,dưa bắp cải,,
cá trôi chiên ròn,thịt đông,canh dưa thịt bò,cà dầm nước mắm,,
trứng tráng,đậu phụ tứ xuyên,nộm sứa,canh cải ngọt nấu ngao,,
tôm rang thịt,lạc rang,canh cua rau đay,cà pháo,,
trứng tráng,cá rô phi chiên giòn,canh cua rau đay,cà muối sổi,,
cá chim rán,canh rau ngót thịt băm,cà muối sổi,dưa muối,,
chả lá lốt,cua đồng rang muối,rau muống luộc,canh rau chua,,
cá cơm chiên ròn,thịt quay giòn bì,rau muống xào tỏi,canh mướp đắng nhồi thịt,,
mực xào dứa,cá thu sốt cà chua,đỗ luộc,canh đậu hũ cà chua,,
cá om dưa,lòng luộc,rau sống,canh cải nấu thịt băm,,
chả cá rán,đậu tẩm hành,rau muống xào tỏi,canh rau chua,,
cá chạch rán giòn,chả lá lốt,đậu phụ sống,canh bí đỏ,,
nộm gà xé phay,cá rô chiên giòn,canh rau cải ngọt,dưa muối,,
sườn xào chua ngọt,cá diếc chiên ròn,rau lang xào tỏi,canh cải nấu tôm,,
ốc xào cay,cua đồng rang muối,rau muống xào tỏi,canh cua rau đay,,
cá rán giòn,tôm sốt cà chua,rau muống xào tỏi,canh rau chua,,
gà nướng mật ong,dưa xào thịt bò,đậu phụ luộc,canh ngao nấm kim châm,,
cá tẩm bột chiên,canh đầu cá nấu chua,salad cà chua dưa chuột,rau sống,,
nem rán,lươn sốt cay,canh bóng,rau củ quả luộc,,
chả cá chiên,gan luộc,canh thịt bò cà chua,bắp cải luộc nước mắm trứng,,
tim xào,giò bò,canh măng móng giò,hành muối,,
cá diêu hồng hấp,canh dưa thịt bò,dưa chuột chẻ,rau sống,,
gà quay mật ong,dưa góp,dưa chuột chẻ,canh khoai tây nấu sườn,,
thịt kho trứng,hoa bí xào tỏi,nộm hoa chuối,canh cải nấu thịt băm,,
thịt chân giò luộc,chả lá lốt,canh dọc mùng,mắm tép chưng,,
bắp bò luộc ngũ vị,sườn xào chua ngọt,đậu tẩm hành,rau lang luộc,,
cải cuốn thịt,trứng tráng,canh rau ngót nấu thịt băm,cà muối tỏi ớt,,
nộm tai heo,trứng hấp vân,cải chíp xào nấm,canh giá đỗ cải thảo,,
bạch tuộc sa tế,rau củ quả luộc,nộm rau muống,canh cá nấu dứa,,
thịt chân giò luộc,canh chua đầu cá ba sa,dưa chuột chẻ,,,
tôm hấp,thịt viên xiên nướng,đậu phụ tẩm hành,canh cua rau đay,,
cá rô kho tiêu,đậu tẩm hành,rau củ quả luộc,canh cua mồng tơi,cà dầm mắm,
tôm sốt chua ngọt,rau củ quả luộc,canh rau dền,cà muối,,
thịt chân giò luộc,đậu rán giòn,lạc rang,canh cua rau đay mướp,cà pháo,
đậu nhồi thịt sốt cà chua,thịt ba chỉ rang cháy cạnh,canh cà bung,dưa bắp cải muối,,
canh riêu cua,đậu phụ sống,rau sống,dưa chuột chẻ,,
đậu tẩm hành,thịt viên sốt cà chua,lạc rang,canh su hào nấu tôm,,
tôm rang,chả cốm,ngọn su su xào tỏi,cà muối,,
thịt lợn quay giòn bì,sườn nướng,mướp luộc,măng tươi luộc,,
cá cơm rang,thịt lợn luộc,rau muống xào,cà pháo,,
lòng xào dưa,cánh gà chiên mắm,khoai môn lệ phố,súp lơ luộc,,
thịt chân giò luộc,mắm tép chưng,canh rau ngót,cà pháo,,
tôm rang,rau bí xào tỏi,canh cà chua trứng,,,
cá rô nướng,lạc rang,canh khoai tây nấu sườn,rau sống,,
cá ba sa chiên,mướp đắng xào trứng,canh bí đỏ nấu tôm,,,
cá kho tộ,hoa thiên lý xào tỏi,canh bầu nấu tôm,trứng dầm nước mắm,,
đậu chiên xù,dưa xào thịt bò,bắp cải luộc,canh ngao chua,,
trứng đúc thịt,cá bống chiên giòn,canh khoai nấu sườn,rau cải luộc,,
chả cá rán,đậu phụ sống,dưa chuột bao tử muối,canh khoai tây nấu sườn,,
đậu sốt cà chua,thịt lợn luộc,rau muống luộc,dưa muối,,
thịt lợn rang,giá xào lòng mề gà,canh khoai sọ hầm xương,dưa chuột chẻ,,
nem rán,cá viên chiên,dưa góp,canh su hào thái sợi,,
cá sốt cà chua,thịt lợn rán,canh ngao chua,dưa bắp cải muối,,
mực xào ớt chuông,đậu rán,đỗ luộc,canh ngao chua,,
thịt gà rang gừng,giò lụa,súp lơ luộc,canh mướp nấu tôm,,
cá diếc chiên ròn,chả lá lốt,bí đao cuốn thịt,canh cà bung,,
trứng chim cút chiên xù,thịt kho dừa,nộm dưa chuột,rau muống luộc,,
sườn xào chua ngọt,rau mồng tơi xào tỏi,canh ngao chua,,,
cá bống kho,súp lơ luộc,canh cải thịt băm,,,
cá ba sa chiên xù,canh cải thảo nấu thịt,bắp xào,,,
thịt lợn rang cháy cạnh,cà tím om ngũ vị,canh hến nấu chua,,,
trứng đúc thịt,canh dưa thịt bò,nộm hoa chuối,,,
trứng đúc thịt,măng xào hành tỏi,canh bầu nấu ngao,,,
cá trứng chiên giòn,rau muống xào tỏi,cà pháo,,,
cá diếc chiên giòn,giá xào,canh mướp mồng tơi,cà pháo,,
mực chiên xù,canh bầu nấu tôm,đậu bắp luộc,,,
thịt lợn rang cháy cạnh,canh bí đỏ thịt nạc,ngồng cải luộc,,,
trứng cút kho tàu,ngao xào me,canh nấm thịt bò,,,
cá kèo kho tiêu,trứng ốp la,canh rau ngót thịt băm,cải chip luộc,,
tôm cuộn khoai tây chiên,su su luộc,canh rau ngót thịt băm,,,
nem rán,hoa thiên lý xào tỏi,canh bí nấu tôm,,,
tôm rang chua ngọt,rau lang luộc chấm tương,canh rau dền,,,
đậu sốt tứ xuyên,mướp hương xào nấm,canh cải nấu ngao,,,
tôm hấp muối,bột cuộn cá chẽm nướng,canh chua cá hồi,nho,,
đậu hũ dồn thịt xốt cà chua,rau dền luộc,canh cải ngọt nấu thịt băm,táo,,
lẩu nấm,chè hạt sen nhãn nhục,,,,
thịt ba rọi kho trứng,củ sen xào tôm,canh cải cúc nấu bò,dưa hấu,,
cá trứng nướng muối ớt,rau muống luộc ,canh chua tép,dưa lưới,,
xôi bắp,sữa tươi,,,,
lươn um nước dừa,rau lang luộc,canh khoai môn nấu tôm,nước rau má,,
cà ri bắp bò sanwich,milo nóng,,,,
thịt vịt rang muối,cải thìa xào tỏi,canh khổ qua cá thác lác,sinh tố cà chua,,
lươn xào sả ớt,rau cải xanh nấu ruốc,"rau càng cua trộn trứng, giấm đường",,,
miến cua xào,"nước ép táo, nam việt quất",,,,
tôm rim,thiên lý xào thịt bò ,canh củ năng nấu sườn non,sinh tố dưa gang,,
chả giò cá lóc,cà tím nướng,canh cá lóc nấu thơm,chè đậu đen,,
cá chim chiên tỏi,trứng hấp tôm,canh nấm rau củ,sữa chua,,
bánh bao,nước ép bưởi,,,,
thịt gà xào sa tế,bí đao om mỡ hành,canh cải cúc nấu thịt bò,nước ép nho,,
súp cốm,sinh tố khoai mỡ và khoai môn,,,,
cà ri nướng,sữa tươi,,,,
bún gạo xào,sữa tươi,,,,
mực dồn thịt chiên,rau muốn xào,canh khoai sọ nấu sườn,nước cam,,
mực xào cà ri,rau muống xào chao,cá trắm nấu ngót,lê chẻ,,
phi lê cá ngừ viên sanwich,nước ép bưởi,,,,
mực dồn thịt,su hào luộc,canh thìa là cá điêu hồng,chè đậu xanh đánh,,
bắp bò hầm đậu trắng ăn kèm bánh mì,nước ép nho,,,,
thịt ba rọi quay,xà lách trộn bạch tuộc,canh đậu phụ cá trích,nước ép cóc,,
nui xào hải sản,nước ép ổi,,,,
đùi ếch chiên bột,vịt xào gừng,canh mướp hương nấm rơm,dâu giằm,,
thịt xông khói xào măng tây,bò xào tỏi tây,canh súp khoai tây cà rốt,sinh tố cà chua,,
cá chẻm hấp cải bẹ xanh,xà lách trộn giấm,canh đu đủ hầm xương bò,nước cam,,
xôi gà quay,sinh tố sa-pô-chê,,,,
thịt heo xào cải,gà kho gừng,canh giò sống rau ngót,sinh tố bơ,,
nui xào bò,nước cam vắt,,,,
thịt đông,bò xào cà ri,canh cá chép đậu đỏ,sơ ri ướp lạnh,,
tôm chua riềng,bông bí xào ức gà,canh bí đỏ nấu sườn,nước ép dưa hấu,,
thịt nạc kho tiêu,giá hẹ xào tim heo,canh bầu nấu tôm,nước ép ổi,,
súp bó xôi thịt cua,sữa đậu nành,,,,
cá chạch kho lá nghệ,canh cải xooang cá thác lác,đậu hũ chiên xù,lê ướp lạnh,,
cá chẻm chiên xù,bò xào bông cải,khổ qua dồn thịt,sinh tố dâu,,
cơm chiên dương châu,nước củ sen,,,,
điêu hồng kho tương,mướp xào lòng heo,hoa chuối cá kèo,rau câu dừa,,
cá lóc nướng trui,canh bí đỏ nấu tôm khô,trứng chiên thịt,mận,,
cháo thịt thỏ,nước ép vải ,,,,
bún đậu phụ mắm tôm,sinh tố chuối và dứa ,,,,
gan heo hầm hà thủ ô,cải mầm trộn dầu giấm,canh chua tôm ngó sen,nước ép cà rốt,,
bánh canh ghẹ,nước rau má,,,,
cá trê chiên giòn,giá xào hẹ,canh ngót nấu bò,bánh flan,,
bún mọc,sữa đậu phộng,,,,
miến gà,chuối cau,,,,
ngan kho gừng,cải thìa xào dầu hào,ngót nấu cá khoai,sinh tố đu  đủ,,
bún gạo xào hải sản,nước ép táo,,,,
bắp bò ngâm nước mắm,rau muống xào tỏi,canh hến nấu khế,nước ép củ dền,,
cá thu chiên xốt chanh dây,tôm xào hạnh nhân,cải xooang nấu bò,sinh tố sa-bô-chê,,
cá lóc kho tộ,cà chua dồn cốm chiên,móng heo hầm hạt sen,chè hạt sen,,
ếch chiên bơ,măng xào lá lốt,canh đu đủ nấu giò heo,mận ướp lạnh,,
tôm kho rim,cải dún xào gan,rau đắng đất nấu cá lóc,sinh tố cà chua,,
sanwich kẹp jambon xông khói,sữa cacao,,,,
thịt bò xào cà ri,đậu rồng xào,hến nấu thì là,hạt điều gương,,
cá cơm chiên bột ,đậu bắp xào nấm rơm ,canh tần ô thịt bò,dưa hấu,,
bánh mì ốp la ,sữa tươi,,,,
thịt kho củ cải,cải thìa luộc,canh khoai mỡ nấu thịt bằm,trà gừng,,
bánh hỏi thịt nướng,sữa đậu nành,,,,
sườn chiên xả ớt,cải thìa xào tôm,canh củ dền nấu tôm tươi,đậu phộng da cá,,
sườn heo sốt bbq ,ngồng cải chấm nước mắm trứng ,canh cải cúc thịt bằm,nước ép táo xanh,,
cá bống kho tiêu,rau cải xanh luộc,canh củ cải nấu bò,mãng cầu giằm sữa,,
mì gói nấu hải sản,nước sấu ngâm,,,,
tôm hấp nước dừa,cà ri mực,kem sầu riêng,,,
cháo đậu đỏ,sữa đậu nành,,,,
canh rau muống nấu hến,mực trứng kho tộ,hải sản xào rau củ,nước ép thơm,,
canh astiso nấu hải sản,cá sốt chanh dây,tôm xào hạnh nhân,chè đậu xanh,,
súp măng sò điệp,bún mắm,sinh tố kiwi,,,
hamburger bò,nước ép bưởi,,,,
miến xào cua,nước mơ ngâm,,,,
xôi mặn,nước chanh  muối,,,,
canh mướp nấu nấm rơm,bò rim ngũ vị,dưa khổ qua đèo,chè bắp,,
canh cải thảo nấu thịt băm,bê xào lá nghệ,cà tím chiên giòn,dưa hấu ướp lạnh,,
bánh bèo,nước trà gừng,,,,
cá chạch kho lá nghệ,canh cải xoong cá thác lác,đậu hũ chiên xù,lê ướp lạnh,,
nui xào hải sản,nước ép ổi,,,,
cá rô kho rau răm,nấm bào ngư xào thịt heo,canh khổ hoa dồn thịt lợn,chè mủ trôm,,
xà lách trộn thịt bò,thịt lẩu xào hành tây ngâm chua,đậu que xào tỏi,sinh tố sa-bô-chê,,
bánh bao,sữa tươi,,,,
súp tương miso trứng nấm,sinh tố cà chua,,,,
bánh đa cua,trà chanh,,,,
bún thang,nước mía,,,,
canh giò heo nấu măng,thịt nạc kho tiêu,đọt bí xào tỏi,trái cây ướp lạnh,,
bột chiên,nước rau má,,,,
bún bung,sinh tố bơ,,,,
bún cá,nước cam,,,,
canh bí đỏ hầm giò heo,đùi gà om sả tế,rau mồng tơi xào tỏi,chè táo xọn,,
cá trê kho tương,rau bí xào tỏi,canh gà nấu lá giang,mứt thơm,,
đùi gà chiên tỏi ớt,dưa món,canh cá điêu hồng chua ngọt,sấu ngăm đường giằm đá,,
cơm tấm,nước rau má đậu xanh,,,,
canh cá lóc nấu cần,thơm may mắn,cải chua xào trứng,chè thái,,
ba rọi chiên nước mắm,xà lách trộn dầu giấm,bí đỏ nấu sườn heo,chuối cau,,
canh tôm nõn nấu bí đao,tôm rang trứng muối,salad rau mầm ,mít ướp lạnh,,
salad trái cây,mì xào dòn,bánh flan,,,
canh gà nấu lá giang,sườn non kho cải chua,dọc mùng xào sả,chè nhãn nhục,,
thịt kho củ cải,cải thìa luộc,canh khoai mỡ nấu thịt bằm,trà gừng,,
cá trắm hấp cải xanh,bò xào cần nước,canh chuối già nấu mẻ,dưa hấu ướp lạnh,,
sườn kho chua ngọt,đậu hủ chiên sả,rau đay nấu cua,sinh tố dưa hấu,,
cơm chiên bí đỏ,nước ép dưa hấu,,,,
miến gà,sữa đậu nành,,,,
canh cá lóc nấu bầu,cá bống đục kho nước dừa,rau muống xào,chè khoai cao,,
canh thịt bò rau răm,thịt ba rọi kho nấm đông cô,rau củ luộc nước  mắm kho tiêu,chè bắp,,
ốc luộc chấm nước mắm gừng,lẩu thái chua cay,xôi xiêm,,,
bánh chưng chiên sốt sa tế me,sữa đậu nành,,,,
súp cua bắp non,bún bò giò heo,chè hoa cúc táo đỏ,,,
canh cải rổ nấu tôm viên,sườn khìa nước dừa,hoa mướp xào tỏi,bánh gan,,
cá lóc kho tộ,cải mầm trộn dầu giấm,cá thu nhật nấu ngót,nước ép cà rốt,,
há cảo chiên,khổ qua xào trứng,canh chua cá hồi,nho,,
ếch rim sả ớt,xà lách trộn dầu giấm,củ năng nấu sườn,sinh tố cà chua,,
cá cơm kho tiêu,cải xào tỏi,khoai môn nấu giò,lê ướp lạnh,,
bún gạo xào hải sản,cà phê sữa,,,,
tép rang,bắp cải luộc,rau dền nấu thịt bò,nước ép cà rốt,,
bún riêu,nước rau má bạc hà,,,,
bánh mì ốp la,sữa tươi,,,,
khoai tây nhồi thịt heo chiên,hoa thiên lý trộn bò,bí đao xào tôm thịt,sữa chua,,
lẩu bò,sinh tố sa-bô-chê,,,,
cá lóc kho tộ,cà tím nướng mỡ hành,đậu phụ hẹ nấu thịt bằm,nước ép táo,,
canh tôm nõn cải dún,cánh gà chiên xốt tương java,xà lách cà chua,bánh khoai mì,,
canh sa kê nấu thịt băm,vịt quay om nước tương,chả giò nghêu,dưa hấu ướp lạnh,,
bún bò huế,nước dừa tươi,,,,
bò nướng kiệu,bún xào singapore,chè nếp than,,,
mực dồn thịt chiên,cải ngọt luộc,bí ngô nấu sườn,nước ép nho,,
canh đậu ngự hầm xường non,thịt kho củ cải,bò xào nấmbắp non  cà rốt,chè hạt sen,,
gỏi cóc trộn khô mực,bánh xèo ăn kèm rau sống,cơm rượu bắc,,,
canh chua khoai sọ nấu rau nhút,thịt kho măng,rau dền luộc,chè khoai môn,,
canh nghêu chua ngọt,cá thu nhật chiên nước mắm,nem thịt,nho ướp lạnh,,
cá lóc kho xốt tương gừng,cà tím nướng,canh cá lóc nấu thơm,chè đậu đen,,
spaghetti trộn trứng cá cay,sinh tố xoài,,,,
phá lấu bánh mì,mãng cầu giằm sữa,,,,
canh cá thu nấu ngót,cá kho dưa hường,tôm nõn xào rau củ,nước ép chanh dây,,
canh chua cá lóc,cá thu  kho gừng,mực xào thơm,sinh tố dâu,,
hải sâm trộn cải thìa,lẩu tươi,kem dừa,,,
salad xúc xích,đậu bắp xào nấm rơm,canh tần ô thịt bò,dưa hấu,,
tôm rim,thiên lý xào thịt bò,canh củ năng nấu sườn non,sinh tố dưa gang,,
gà hầm sả,rau muống luộc,canh khoai môn hầm giò,nho xanh,,
cháo trứng thịt nạc,sữa đậu nành,,,,
cá chẻm chiên xù,bò xào bông cải,khổ qua dồn thịt,sinh tố dâu,,
cá chim chiên tỏi,cải thìa xào nấm,thiên  lý nấu bò,sinh tố sa-bô-chê,,
cá điêu hồng chiên xù,rau lang luộc,canh khoai mỡ nấu tôm tươi,chuối cau,,
ếch rim xả ớt,cần ống xào bò,canh cải xoong nấu bò,sinh tố cà chua,,
cá trê chiên giòn chấm mắm gừng,rau cải xanh luộc,canh củ cải nấu giò heo,chè môn,,
cơm chiên hải sản,nước ép thơm,,,,
bún gạo xào,sữa tươi,,,,
"patê gan gà, bánh mì",táo ép,,,,
thịt kho dưa cải,rau muống xào,canh cá lóc nấu thơm,chè đậu xanh nước dừa,,
thịt ba rọi chiên xả ớt,rau càng cua trộn thịt bò,canh khổ qua cá,dưa hấu,,
cháo vịt,nước ép vải,,,,
thịt ba chỉ luộc,cải chua xào chả cá,canh hoa chuối cá kèo,rau câu trái cây,,
bắp bò ngâm nước mắm,rau muống xào tỏi,canh hến nấu khế,nước ép củ dền,,
cá bống kho tiêu,gỏi su hào nấm tuyết,canh đu đủ nấu giò heo,lê ướp lạnh,,
gà cuộn lá chanh,bò xào bông hẹ,canh khổ qua nấu thác lác,sinh tố bơ,,
thịt heo kho tiêu,rau cải xanh luộc,canh cải cúc nấu bò,rau câu dừa,,
mực xào sa tế,mướp xào lòng gà,canh nấm rơm đậu hũ non,chè hạnh nhân,,
cá kèo nướng muối ,canh rau muốn nấu me,đậu hũ chiên,lê ướp lạnh,,
mực xào cà ri,mướp xào lòng gà,canh chua cá lóc,táo xanh,,
tôm xào sa tế,rau muống xào tỏi,canh chua hải sản,sữa chua,,
bò xào bông cải,rau cải xanh luộc,canh măng nấu tôm viên,mãng cầu giằm sữa,,
bánh cuốn,bưởi ép nho,,,,
cá rô kho tiêu,cải thìa xào tôm,canh chua cá lóc,nước rau má,,
bò nướng tiêu,khổ qua xào trứng,canh cua rau đay,nho tươi,,
đùi gà chiên tỏi ớt,tôm xào đậu tương,gà nấu lá giang,sâm bổ lượng,,
lẩu thái,sinh tố dừa,,,,
hambuger bò,sữa đậu xanh nóng,,,,
súp cua,sôcô-la nóng,,,,
miến gà,cà phê sữa,,,,
cá lóc kho tộ,cà tím nướng mỡ hành,canh rau dền nấu thịt bò,chuối nướng,,
bún thịt nướng,cà phê sữa nóng,,,,
đuôi heo hầm kỷ tử và atiso,mực xào hành cần,khổ qua dồn thịt,táo ướp lạnh,,
thịt kho trứng,gỏi hoa chuối khô bò,canh khoai mỡ nấu thịt bằm,trà lài,,
hủ tiếu xào hải sản,sữa tươi,,,,
miến cua xào,nước ép cà rốt,,,,
nui xào bò,nước ép xoài,,,,
sườn chiên xả ớt,cải thìa xào tôm thịt,canh củ dền nấu tôm tươi,sinh tố chuối,,
thịt xông khói măng tây,bò xào tỏi tây,canh súp khoai tây cà rốt,sinh tố cà chua,,
bún bò,sinh tố cà chua,,,,
lẩu cua đồng bánh đa,chè đậu ngự,,,,
lươn xào sả ớt,canh rau cải xanh nấu ruốc,"rau càng cua trộn,trứng giấm đường",trái cây ướp lạnh,,
cá hấp trứng,cải bó xôi xào nấm đông cô,canh thìa là cá điêu hồng,chè đậu đỏ,,
bún gạo xào bò,bạc xỉu,,,,
cháo lá dứa hột vịt muối,sinh tố mãng cầu,,,,
thịt kho trứng,củ sen xào tôm,canh cải cúc nấu thịt bò,sinh tố dưa hấu,,
bánh mì trứng ốp la,sữa đậu nành,,,,
thịt ba rọi chiên nước mắm,bao tử trộn dưa kiệu,bí đỏ nấu sườn,nước ép táo,,
cá cơm kho tiêu,cải xào tỏi,canh khoai môn nấu giò lợn,dưa hấu,,
cháo trắng lá dứa,sinh tố dâu,,,,
bò xào cần,gỏi mít non tôm thịt,canh khoai mỡ,mít ướp lạnh,,
cá trê chiên giòn,giá xào hẹ,canh ngót nấu bò,bánh flan,,
lẩu nấm,chè hạt sen nhãn nhục,,,,
cá thu chiên xốt cà,bông cải xanh trộn dầu hào,canh khoai tím nấu tôm,sơ ri ướp lạnh,,
chả mực thì là,đậu bắp xào nấm rơm,canh tần ô thịt bò,dưa hấu,,
bún mọc,sữa tươi,,,,
bún mọc,sữa đậu phộng,,,,
"        lẩu cá kèo, bún",sinh tố mãng cầu        ,,,,
nui xào hải sản,sinh tố xoài,,,,
tép rim thịt heo,nấm bào ngư xào thịt heo,canh khổ qua dồn cá thác lác,lê ướp lạnh,,
sườn chua ngọt,rau lang xào tỏi,canh rau mồng tơi nấu tôm khô,mận ướp lạnh,,
cá nục hấp hành,cải cuộn thịt bò,canh củ dền tôm thịt,dưa lưới,,
mực dồn thịt chiên,hải sản xào rau củ,canh khoai sọ nấu sườn,nước cam,,
cá rô kho tộ,bông cải xanh xào cật lợn,"rau đay, mồng tơi nấu cua",chè hạnh nhân,,
thịt bò xào sa tế,đậu rồng xào,canh ngót nấu cá khoai,sinh tố đu đủ,,
bánh mì bò kho,sữa đậu nành,,,,
phở nghêu,chè hạt sen nhãn nhục,,,,
giò heo hầm măng khô,bò xào tỏi tây,rau dền nấu thịt bằm,nước ép ổi,,
tép rang thịt ba chỉ,bò trộn càng cua,canh giò sống nấu ngót,bánh chuối hấp,,
canh thịt bò rau răm,nộm đu đủ xanh chả quế,cá thiều nướng muối ớt,nước ép cà rốt,,
gỏi xoài tôm thịt,bò xốt ngũ vị,canh gà nha đam,nước ép táo,,
gà nấu lá giang,tôm xốt me,canh khoai mỡ,chè củ năng hạt lựu,,
cá chẻm chiên xù,nấm tuyết xào gà,canh cải cúc nấu mọc,rau câu đậu xanh,,
tôm xóc trứng muối,lầu cua đồng,nước cam,,,
bánh mì thịt quay,sữa chua dâu tây,,,,
bánh nậm,sữa đậu phộng,,,,
bò cuộn phô mai nướng,gỏi bạc hà,canh củ cải đỏ nấu sườn,sinh tố cà chua,,
bánh mì nướng phô mai,sữa bắp,,,,
xôi mặn,nước ép cà rốt,,,,
mực dồn thịt chiên,rau muống xào tỏi,canh khoai sọ nấu sườn,chè đậu ván,,
cua rang me,bông hành xào tôm thẻ,canh cá thác lác cải thìa,kiwi tươi,,
cháo đậu đỏ,nước cam vắt,,,,
cá nục hấp hành,bò xào cần tây,canh mít non lá lốt,nước dâu tằm,,
ốc nhồi thịt,canh tần ô thịt bò,gỏi hoa chuối bò khô,sinh tố sa-pô-chê,,
bún chả cá,chè mè đen,,,,
bí đao xào thịt,ức gà xào nấm,canh củ sen hầm,nho tươi,,
trứng cá thu hấp gừng,tép đồng cuốn bánh tráng,canh củ năng nấu sườn,sinh tố đu đủ,,
thịt ba rọi chiên,hoa bí xào tỏi,canh tôm khoai mỡ,bánh khoai mì,,
thịt xông khói xào măng tây,salad rau củ với trứng đà điểu luộc,canh rau dền thịt bằm,bánh flan,,
bánh mì cá ngừ,nước ép cà rốt,,,,
mực khìa trái dừa,canh cải xanh cá thác lác,đậu phụ chiên xù,lê ướp lạnh,,
bún chả cá,chè củ năng hạt lựu,,,,
cháo hến,nước ép bưởi,,,,
cá chạch kho gừng,bông bí nhồi thịt,thác lác nấu riêu,chè hạt sen nhãn,,
bò nấu tiêu xanh,bông thiên lý xào thịt bò,canh rau má tôm khô,dưa hấu ướp lạnh,,
cá lóc kho xốt tương gừng,gỏi ngó sen chay,canh đậu hũ cà chua,dưa hoàng kim,,
tôm hấp mía lau,bí ngòi xào tỏi,canh rau muống me,rau câu hạnh nhân,,
cơm tấm bì chay,sữa đậu nành,,,,
trứng chiên hẹ với thịt gà,gỏi sứa,canh hẹ,chè chuối,,
mì trứng xào hải sản,nước ép lê,,,,
sườn xào chua ngọt,gỏi tôm ngó sen,canh ngót nấu tôm,sươn sáo,,
mì xào bò,nước ép thơm,,,,
bắp bò kho nghệ,cải thìa xào nấm,"canh óc heo táo đỏ, củ sen",chè đậu xanh bột báng,,
cháo thịt thỏ,xoài ướp lạnh,,,,
ếch rim sả ớt,xà lách trộn dầu giấm,canh chua tôm ngó sen,sinh tố cà chua,,
bánh canh cua,sữa đậu nành,,,,
cà ri nướng,sinh tố dừa,,,,
cháo cá lóc,nước ép ổi,,,,
cá kho tương bần,cải thìa xào tỏi,canh đậu đỏ nấu sườn,chè nhãn nhục,,
đùi gà chiên muối sả,bông cải xanh xốt tóc tiên,canh chua cá kèo,dâu giằm sữa chua,,
cá thu xốt xoài,bông cải xào tôm,khổ qua xào trứng,dưa gang giằm,,
thịt ba chỉ kho tàu,rau muống luộc,canh cua khoai môn,khoai lang luộc,,
ốc nấu chuối xanh,salad táo,khổ qua nhồi thịt,sinh tố xoài,,
sườn ram,đậu cô-ve xào tôm,canh cải xooang thịt bằm,sinh tố bơ,,
súp cua,trà mật ong,,,,
cá điêu hồng kho thơm,canh chua cá thác lác,ngồng cải luộc,nước ép thơm,,
lươn cuộn lá ngải đắng nướng,bông hẹ xào bò,canh khổ qua dồn thịt,xoài ướp lạnh,,
bò rim,salad ớt chuông củ cải chua,canh củ dền hầm sườn,chè chuối,,
bánh pizza nấm,sữa tươi,,,,
cơm chiên hải sản,yoghurt đá,,,,
há cảo,nước sâm,,,,
gà hấp cải xanh,trứng đút hẹ,canh cải chua tôm,salad rau củ,,
bò nướng lá lốt,súp nấm tuyết,tôm hấp hành,trái cây thập cẩm,,
sò dương xào rau muống,hàu nướng phô mai,canh cải cúc nấu thịt bò,chè trôi nước,,
bánh mì trứng ốp la xúc xích,sữa tươi,,,,
cá trê chiên giòn,giá hẹ xào,canh ngót nấu thịt bò,nước ép lê,,
gà kho gừng,cải cúc nấu tôm,ếch xào tía tô,nước sâm,,
muối sả mắm ruốc kho,đậu bắp luộc,canh khổ qua tôm khô,tàu hũ đá,,
bún gạo xào,nước xí muội,,,,
bánh mì pa tê,sữa đậu nành,,,,
sườn xào chua ngọt,gỏi mít tôm thịt,canh chua cá đuối,lê ướp đá,,
cháo thịt gà bí xanh đậu đen,nước ép củ dền,,,,
đậu hũ dồn thịt,mì căn xào cải,khoai mỡ nấu tôm,chè hạt sen,,
cá bống kho tộ,đậu bắp xào nấm hương,cà tím dồn thịt,rau câu dừa,,
gà nướng muối ớt,su hào luộc,giò heo hầm rau củ,thanh long ướp lạnh,,
cá trê hấp gừng,bí đỏ xào nấm rơm,canh cua rau nhút,bánh flan dừa,,
chả cá thu nướng,bông bí xào tỏi,canh cua rau đai,nước ép thơm,,
bánh hỏi thịt quay,nước mơ,,,,
cháo thịt bò tần ô,cà phê sữa,,,,
cá lóc kho tương gừng,cải xanh luộc,canh cá hồi nấu thơm,chè đậu xanh đánh,,
canh cải xanh nấu hến,cà chua xào đậu phụ,thịt heo quay,chè hạt sen,,
canh bí đỏ thịt bằm,rau lang luộc,cá rô kho tộ,nước sâm lạnh,,
canh sướn nấu củ dền,cà chua dồn thịt,giá hẹ xào thịt bò,nước ép táo,,
canh đậu phụ nấu tôm,phi lê cá điêu hồng xào đậu rồng,trứng chiên,nho ướp lạnh,,
canh khoai tây thịt băm,bắp cải luộc,tôm rang trứng muối,chè táo xọn,,
phở hải sản,nước ép chanh dây,,,,
canh cua rau đai,đậu bắp luộc,bò nấu đậu,chè hạt sen long nhãn,,
canh cá rô nấu mẻ,mực xào hành cần,thịt heo luộc mắm thái,nước trái cây và trà lipton,,
bún bò huế,nước ép táo,,,,
cháo hoa cúc,nước  ép chanh dây,,,,
canh khoai mỡ nấu tôm,gỏi khô cá lóc dưa leo,cá bống kho tiêu,bánh flan,,
lẩu bắp bò nhúng hành răm,chè đậu ngự,,,,
canh chua cá thác lác,cần nước xào tỏi,bao tử heo nhồi thịt hấp,chè đậu xanh,,
cháo cá lóc,sữa đậu nành,,,,
canh gà lá giang,cải thìa xào dầu hào,cánh gà nướng hương quế,chè đậu đen,,
canh cải cá rô,salad trái cây,gà kho nước tương,trái cây tươi,,
"heo rừng nướng, ăn kem bún rau sống",bánh bột lọc,bánh mousse xoài,,,
canh cải xoong thịt bằm,gỏi gân heo măng chua,cá lóc kho bầu,dưa lưới,,
cơm chiên cua,sinh tố cà rốt,,,,
bánh mì pa tê,chuối nướng,,,,
canh rau má thịt bằm,rau muống luộc,cá bống kho tiêu,sinh tố dâu,,
canh khoai môn nấu giò,nộm hoa chuối,bao tử hầm tiêu,dưa hấu ướp lạnh,,
canh chua cá lăng,hoa mướp xào thịt gà,thịt heo nường mè,nước ép cà chua,,
bánh xếp quai vạc,nước sâm bí đao,,,,
canh khoai mỡ,rau muống xào gan heo,thịt heo kho dưa cải,chè bắp,,
canh chua cá thác lác,mướp xào lòng gà,đậu hũ dồn thịt,quýt đường,,
bún bò,sinh tố xoài,,,,
xôi gà quay,nước mơ,,,,
canh khổ qua dồn thịt,bông cải luộc,các chình chiên muối ớt,dưa hấu ướp lạnh,,
bánh canh thịt bằm,nước sâm,,,,
canh dưa hường nấu tôm,xà lách trộn dầu giấm,bò kho sả,bánh bò hấp,,
cà ri tôm rau củ,sinh tố sa-pô-chê,,,,
canh cải bắp thịt cuộn,củ sen xào tôm,gà hầm đậu,yaourt trái cây,,
canh gà nấu hến,gỏi măng tươi,sườn heo nướng,chè bưởi,,
bún mọc,nước ép ổi,,,,
canh giò heo nấu rau củ,giá xào tim heo,cá cơm chiên giòn,"chè hạt sen , táo tàu",,
canh hạt và củ sen nấu sườn,rau lang luộc,tôm nướng muối ớt,xoài ướp lạnh,,
cá lóc hấp bầu,mướp xào nấm hương,sườn heo nướng muối,chuối cao,,
hủ tiếu khô,nước xá xị,,,,
bánh cuốn nem nướng,sữa đậu phộng,,,,
bánh dày chả lụa,trà xanh,,,,
canh cải chua nấu sườn,nghêu xào hoa thiên lý,gà kho tàu,yaourt giằm dâu tươi,,
canh rau tập tàng,măng xào tôm,sườn ram thơm chua ngọt,bánh lá,,
đuôi heo hầm đậu phộng,kim chi dưa leo,đậu phụ chiên sả,nước dừa xiêm,,
bánh bèo tôm cháy,nước mía,,,,
canh chua cá lóc,rau muống xào chao,bao tử hầm tiêu xanh,chè trái cây,,
canh nghêu nấu hẹ,nấm xào trứng,gỏi nha đam tôm tươi,bánh chuối nướng,,
bánh hỏi thịt nướng,sữa đậu xanh,,,,
canh hạt và củ sen nấu sườn,dưa leo xào mực,heo nướng mè,trái cây giằm,,
bánh bao,nước ép chanh dây,,,,
canh sườn non đu đủ,bông bí xào thịt bò,cừu việt nam nướng khoai lang chiên,sơ ri ướp lạnh,,
canh bí đỏ thịt viên,dưa leo xào mực,gà tiềm,sinh tố mãng cầu,,
canh cải xoong tôm khô,cá rô kho tộ,gỏi bò trộn đu đủ,mận ướp lạnh,,
bánh ướt thịt nướng,nước ép bưởi,,,,
canh khổ qua dồn thịt,rau dền luộc,gà xào sả ớt,dưa tây ướp lạnh,,
bún thang,nước trà nóng,,,,
phở bò,nước ép cam,,,,
canh sườn nấu khoai môn,bò xào bông cải,cá chạch kho nghệ,nước ép lê,,
lẩu thái,bánh flan,,,,
súp đậu đỏ nấu đậu phụ,gỏi củ hũ dừa tôm thịt,cá bống mú xốt hạt sen,sinh tố mít,,
canh cà chua trứng,bò xào ớt chuông,cá tìm nhồi thịt,bánh bò hấp,,
canh giò heo nấu bông atiso,măng xào tôm,cá chép kho gừng,yaourt trái cây,,
"lẩu mắm, bún tươi",bánh bèo chén,chè đậu ngự,,,
canh bí đao nấu thịt viên,bò xào hành cần,cá lóc kho tiêu,sinh tố dưa gang,,
phở bò,trà gừng,,,,
canh cải mầm nấu giò sống,bắp non trộn gân bò,gà sao nấu sả,sâm bổ lượng,,
canh rau mồng tơi nấu tôm,bắp cải luộc,tôm rang me,chè mè đen,,
canh khoai từ nấu tôm,bông bí xào tỏi,cá kèo kho rau răm,trái cây giằm,,
canh mướp nấu tôm,gỏi hoa chuối,bò kho sả,chè thưng,,
canh sườn non đu đủ,bông bí xào thịt bò,óc heo chưng,sơ ri ướp lạnh,,
sườn chìa nướng cơm nắm,nước cam vắt,,,,
cá nục hấp hành,sò huyết rang me,canh cải xanh cuộn thịt,sinh tố mít,,
cá basa kho xoài,thanh cua xào chua ngọt,canh tôm nấu đậu phụ,rau câu dừa,,
cá lóc kho tiêu,gỏi sứa,canh khoai mỡ nấu tôm,chè hạt sen táo tàu,,
giò heo rút xương chiên,bò xào hành cần,canh chua cá lóc,sinh tố mãng cầu,,
cháo hến,nước ép cà chua,,,,
canh cua nấu trứng,mực xào rối,cánh gà chiên nước mắm,nước ép thơm,,
canh bí đao nấu thịt viên,bò xào hành cần,cá lóc kho tiêu,sinh tố dưa gang,,
thịt heo nướng tiêu,salad nga,canh điêu hồng nấu ngót,lê ướp lạnh,,
bánh canh cua,sữa tươi,,,,
bánh cuốn nem nướng,nước cam ép,,,,
thịt heo quay,mì ý xào bò,bông cải luộc,nước ép táo,,
canh giò heo hầm thuốc bắc,rau củ xào tam sắc,cá chình nấu ớt xiêm,nước dừa tươi,,
bún bò huế,trà nóng,,,,
canh cải xanh nấu hến,sò dương trộn bắp cải tím,tôm kho tiêu,kem sầu riêng,,
canh giá hẹ đậu phụ non,thiên lý xào bò,trứng chiên nấm,nho ướp lạnh,,
cơm chiên dương châu,sinh tố cà chua,,,,
cháo hến,sữa đậu nành,,,,
canh cải xoong nấu thịt băm,óc heo chiên giòn,thịt heo kho tiêu,sữa chua,,
lẩu cua đồng,bánh xèo nấm,bánh flan,,,
bún gạo xào,sữa tươi,,,,
gà chiên bơ,lẩu cá kèo,"kem trái cây, nho khô",,,
vịt nướng xốt me,cật heo chấy tỏi,canh rau má nấu thịt,bánh flan,,
canh cà tím chiên,gỏi măng,vịt om sấu,chè hạt sen táo tàu,,
cháo sườn nấm bào ngư,trà lipton nóng,,,,
bún bò,sinh tố mít,,,,
hủ tiếu nam vang,nước ép táo,,,,
súp lạnh,rau muống xào chao,thịt heo kho đậu phụ,sinh tố mãng cầu,,
canh khổ qua cá rô đồng,gỏi cổ hủ dừa,sườn nướng nước cốt dừa,cam tươi,,
canh mồng tơi nấu nấm,đậu bắp luộc,gà hấp hành,lê ướp lạnh,,
canh mắm,cà tím xào thịt bằm,cá nục kho me,chè thưng khoai môn,,
xôi thịt quay,sinh tố mãng cầu,,,,
canh chua dưa cải,măng xào thịt,cá lóc hấp bầu,trà bí đao,,
thịt kho trứng,cải chua xào tôm,canh khoai môn nấu thịt,sinh tố bơ,,
củ hũ dừa xào tôm,cà xào thịt bằm,canh khoai lang thịt bằm,nước bí đao,,
canh bí đao nấu tôm nõn,gỏi mít non,đậu phụ xốt thịt băm,chè trái vải sương sa,,
canh sườn nấu khoai môn,tôm bọc củ sen chiên,chạo cá nướng sả,nước ép chanh dây,,
hủ tiếu khô,nước sâm bí đao,,,,
bánh bèo tôm cháy,nước mía,,,,
bánh canh cua,chè thập cẩm,,,,
bún măng vịt,sữa đậu xanh,,,,
bánh mì ốp la,trà xanh,,,,
canh rong biển,cà tím lăng bột chiên,thịt kho măng,đu đủ ướp lạnh,,
bánh canh chả cá,nước sâm,,,,
sandwich tươi nhân thịt gà,sữa tươi,,,,
canh củ dền nấu thịt,giá xào huyết,thịt bò kho,nước ép nho,,
canh bí đỏ thịt bằm,khổ qua dồn hải sản,cá chẻm hấp gừng,xoài ướp lạnh,,
rau ngót nấu giò sống,gỏi cổ hủ dừa,thịt luộc mắm tôm,nước mía lau,,
bún tôm rau cần,trà gừng,,,,
canh cải cá rô,salad trái cây,gà kho nước tương,trái cây tươi,,
lòng gà rim nước dừa,rau muống xào,canh khổ qua tôm nõn,chè bánh lọt đậu xanh,,
bánh ướt chả lụa,trà gừng,,,,
canh tôm chua cay,mực nhồi xôi chiên,cá thu hấp tương gừng,chè đậu đỏ,,
sườn rim tôm,phèo non cải chua,canh đậu hũ hải sản,trái cây thập cẩm,,
canh rau dền tôm khô,bông bí xào tỏi,cá hú kho tộ,nước rau má đậu xanh,,
canh cải bắp cuộn thịt,bò xào khoai tây,gà hầm đậu,đu đủ ướp lạnh,,
tim bò nướng cay,kèo nèo xào tôm thịt,canh gà lá giang,dâu tươi giằm,,
lẩu mắm,dừa tươi,,,,
canh khổ qua dồn thịt,gỏi sen tôm thịt,gà quay,yaourt trái cây,,
hủ tiếu sườn,nước sâm bí đao,,,,
canh đuôi heo hầm atiso,cá thu kho thịt ba chỉ,bò xào bông hành,chè sương sa hạt lựu,,
bánh cuốn nóng,sữa đậu nành,,,,
canh rau ngót nấu tôm,cải chua xào trứng,cá chạch kho nghệ,nước rong biển bông cúc,,
cá thác lác viên chiên xù,salad cà dây,rau đay nấu cua,nước ép cà chua,,
canh củ năng thịt gà,mướp xào lòng gà,chạo chay,rau câu trái cây,,
canh cua rau nhút,gỏi bưởi,sườn nướng ruốc huế,sinh tố cà chua,,
canh chua nghêu,gỏi sứa,cá ngừ kho thơm,chè mè đe,,
xôi bắp,nước ép cà rốt,,,,
mực dồn thịt chiên,hải sản xào rau củ,canh khoai sọ nấu sườn,nước cam,,
tôm kho củ sen,salad cua thanh long,canh bao tử hầm tiêu xanh,táo ướp lạnh,,
sandwich nướng phi lê cá hồi,sinh tố saboche,,,,
bún thịt nướng,cà phê sữa,,,,
thịt bò xào cần,rau dền luộc,canh ngót cá khoai,chè đậu ngự,,
chả giò chiên,lẩu hải sản,sinh tố cà rốt,,,
ếch rim sả ớt,xà lách trộn dầu giấm,canh sườn heo đậu đỏ,chè tàu hũ ky,,
mực dồn thịt chiên,bắp cải trắng luộc,canh bí đỏ nấu sườn,nước ép dưa hấu,,
thịt cua xào chua ngọt,bông bí xào ba rọi,canh ngót nấu thịt bò,sinh tố mít,,
cá lóc om hoa điên điển,rau muống xào tỏi,canh chua tôm ngó sen,mãng cầu giằm,,
hủ tiếu giò heo,nước ép lê,,,,
tôm kho rim,mực xào hành cần,canh tôm khoai môn,xoài ướp lạnh,,
thịt kho tiêu,dưa leo trộn sò điệp,canh thịt bằm mồng tơi,sâm bổ lượng,,
đậu hũ trắng kho sườn,bông bí xào tỏi,canh khổ qua cá thác lác,xoài chín ướp lạnh,,
ếch chiên giòn,chả giò tôm bắp,canh ngót cá điêu hồng,rau câu trái cây,,
ba rọi chiên nước mắm,bông cải xao cật heo,canh đậu hầm sườn heo,nước ép lê,,
súp cua,bơ giằm sữa,,,,
hủ tiếu nam vang,trà chanh,,,,
"cháo thịt bò, cà rốt",sinh tố chuối dừa,,,,
ếch hầm nồi đất,hoa kim châm xào thịt bò,canh tôm khoai mỡ,dưa hấu,,
cá điêu hồng kho tương,mướp xào lòng gà,canh chua hoa so đũa nấu tôm,nước ép lê,,
cháo gà,sinh tố bơ,,,,
mực chiên giòn vị trà xanh,nấm bạch tuyết xào thăn heo,khổ qua nhồi thịt,sinh tố cà chua,,
lươn nướng trộn hành tây,đậu phụ chiên sả ớt,canh bò nấu cải cúc,nước ép dưa hấu,,
sườn nướng xốt xí muội,rau muống chẻ trộn tôm,củ năng nấu sườn,đào ướp lạnh,,
sườn heo chiên xốt cà chua,gỏi cuốn bỗng,canh cà rốt hầm sườn,nước ép sơ ri,,
"cá trê chiên giòn, nước mắm gừng",nấm bào ngư xào thịt heo,canh tôm nấu mướp,sinh tố mít,,
lẩu vịt,dâu giằm,,,,
súp trái cây nấu gà,cà phê sữa đá,,,,
bánh cuốn nóng,sữa đậu phộng,,,,
cá lóc kho dừa,khoai tây dồn thịt đút lò phô mai,canh cá khoai cải bẹ xanh,chè bí đỏ sữa tươi,,
thịt xông khói măng tây,bò xào tỏi tây,canh súp khoai tây cà rốt,sinh tố cà chua,,
cá hồi chiên xốt gấc,gỏi gà rau đắng,canh củ cải đỏ nấu sườn,mận ướp lạnh,,
tôm rim ba rọi,cải thìa xào tỏi,canh tôm bí ngòi,sinh tố cà chua,,
cà chua dồn thịt đút lò,hoa mướp xào ức gà,canh bò cải xanh,sữa chua,,
cá thu chiên xốt cà,đọt bí xào thịt ba chỉ,canh khoai tím nấu tôm,sơ ri ướp lạnh,,
tôm nấu tỏi,hến xào xúc bánh tráng,canh cải xoong nấu bò,sinh tố sa bô chê,,
thịt ba rọi chiên,salad gà,canh củ dền hầm sườn,nước ép bưởi,,
cá chẻm xốt cam,gỏi măng tươi,canh bí đỏ nấu gà,nho đen ướp lạnh,,
râu bạch tuộc sốt đậu tương,rau muống xào tỏi,canh chua hải sản,sữa chua,,
cá trê chiên giòn,rau muống xào tỏi,canh ngót nấu bò,bánh flan,,
lẩu nấm,chè hạt sen nhãn nhục,,,,
"bún khô xào bắp cải tím, thịt bò",sữa đậu nành,,,,
cá chim chiên tỏi,cà tím nướng mỡ hành,canh nấm nấu mướp,mận hà nội ngâm nước đường,,
mì quảng,cà phê sữa,,,,
tép rim ba rọi,cải bó xôi xào tỏi,canh sườn nấu đậu ngự,dưa hấu,,
miến cua xào,nước ép lê,,,,
ếch chiên giòn,canh khoai sọ nấu sườn,cải xanh luộc,sinh tố đu đủ,,
bún giò heo nấu dọc mùng,nước ép táo,,,,
bánh hỏi cuốn thịt quay,nho ép,,,,
lươn cuốn lá cách chiên,đu đủ trộn tôm,canh chua cá ba sa,chè bà ba,,
mì lạnh trộn bò,sữa chua,,,,
mì quảng,nước ép táo,,,,
thịt bò xào bông cải,rau cải xanh luộc,"canh tàu hủ, hẹ nấu thịt bằm",sinh tố mãng cầu,,
bún cá quỳnh côi,chè đậu xanh,,,,
cá trê kho tương,rau bí xào tỏi,canh ngót cá điêu hồng,chè sương sáo,,
bún thịt nướng,trà gừng,,,,
bún mọc,sữa đậu phộng,,,,
cá chẻm chiên xù xốt caramel,bắp cải tím trộn nghêu hấp,rau dền nấu tôm,nước ép ổi xá lị,,
nghêu nướng mỡ chài,rau cải xoong trộn bò,canh tôm bông cải,nước nho ép,,
cơm tấm sườn nướng,sinh tố dâu,,,,
bánh mì cá hộp,sinh tố cà chua,,,,
thịt gà xào sa tế,bí ngòi hấp xốt dâu,canh bò cải xoong,,,
cháo nghêu,sữa cao cao nóng,,,,
bánh mì ốp la,sữa đậu nàn,,,,
cá thu chiên xốt me,canh rau má nấu bò,măng xào tôm,sinh tố dâu,,
cá điêu hồng hấp tàu xì,gỏi cải đắng trộn tôm thịt,canh rua dền tím nấu tôm,nước rau má,,
cháo gà,sinh tố bơ,,,,
gà xốt chanh dây,salad mầm rau muống,canh măng chua nấu cá nục,trà chanh,,
spaghetti xúc xích,nước ép cà rốt,,,,
cánh vịt nấu tương,canh ngao rau răm,đậu phụ chiên,dưa hấu ướp lạnh,,
mực chiên giòn vị trà xanh,rau càng cua trộn thịt bò trứng bách thảo,canh khổ qua dồn thịt,sinh tố cà chua,,
súp rong biển hải sản,cà tím nướng mỡ hành,canh nấm nấu mướp,mận hà nội ngâm nước đường,,
gỏi nha đam tôm,canh giò heo đu đủ,bông bí xào tỏi,chè thốt nốt nước dừa,,
bò nhúng giấm,dưa hấu,,,,
ba rọi chiên giòn,canh cải xanh nấu gừng,bông hẹ xào bò,táo xanh ép,,
hủ tiếu giò heo,nước ép lê,,,,
bún giò heo nấu dọc mùng,nước ép táo,,,,
lươn nướng trộn hành tây,đậu phụ chiên sả ớt,canh bò nấu cải cúc,nước ép dưa hấu,,
canh bầu nấu ngao,lươn kho măng,rau cải xào vừng,tàu hủ đá đường,,
ếch xào tía tô,súp rong biển hải sản,đậu bắp luộc chấm chao,sinh tố dâu,,
bún chả cá,sữa đậu xanh,,,,
sườn heo xiên sốt cà chua,ớt chuông xào bò,canh cà rốt hầm sườn,nước sơ ri ép,,
sườn nướng xốt xí muội,rau muống chẻ trộn tôm,củ năng nấu sườn,đào ướp lạnh,,
thịt kho tiêu,dưa leo trộn sò điệp,canh thịt bằm mồng tơi,sâm bổ lượng,,
chả giò chiên,lẩu hải sản,sinh tố cà rốt,,,
thịt xào rau củ,cá hồi chưng tương,canh cải chua nấu bắp bò,chè nhãn nhục,,
củ sen nhồi thịt ráng,canh bầu nấu tôm khô,thịt kho nấm rơm,sinh tố dừa,,
thịt nhồi nấu đông cô rim dầu hào,canh bí xanh nấu tôm đồng,rau muống luộc,chè bắp,,
bún cá thu,nước ép dứa,,,,
cá bống ram nghệ,canh nấm thịt xay,đọt bí xào thịt bò,chè bà ba,,
tôm kho rim,ếch xào mướp hương,canh tôm khoai môn,xoài ướp lạnh,,
thịt đà điểu xào đậu hà lan,canh nấm rơm đậu phụ non,thịt ba chỉ kho keo,mãng cầu giằm,,
đùi heo xông khói cuộn bơ,gỏi ngó sen,canh gà nha đa đam,thạch kiwi,,
chả đùm thịt gà,canh kim chi nấu tép,cà tím xào tép,bánh chuối,,
mì lạnh trộn bò,sữa chua,,,,
súp trái cây nấu gà,cà phê sữa đá,,,,
canh cá kèo nấu nấm,rau cải xanh luộc chấm nước mắm,đậu phụ kho lòng heo,mía ướp lạnh ,,
canh bò nấu khế,lưỡi heo nấu pate,gỏi hoa chuối,bánh bí đỏ hấp,,
canh trứng bí ngòi,sườn lợn xào ngũ sắc,thịt kho tiêu,pudding xoài,,
bánh bao,rau má nước dừa,,,,
miến gà tôm thịt,sữa bắp,,,,
salad thịt bò cà tím,chả cá chiên,canh cải con tôm viên,nước ép cam,,
gỏi bê tái chanh,canh khổ qua cá thác lác,thịt kho nước dừa,sinh tố cà rốt,,
tôm rim thịt,cải bó xôi xào bò,canh cải bẹ xanh nấu ruốc,táo ướp lạnh,,
nghêu nướng mỡ chài,rau cải xoong trộn bò,canh tôm bông cải,nước nho ép,,
bánh mì cá hộp,sinh tố cà chua,,,,
cơm tấm sườn nướng,sinh tố dâu,,,,
cá trê kho tiêu,canh ngó sen thịt heo,bí luộc chấm kho quẹt,bánh flan,,
thịt gà xào sa tế,bí ngòi hấp xốt dâu,canh bò cải xoong,,,
canh hoa chuối nấu tôm mẻ,cá rô đồng kho tộ,thạch trà đường,,,
canh cải xanh nấu cá rô,cá cơm kho tiêu,rau luộc,rau câu hạnh nhân,,
lẩu nấm thịt bò,salad càng cua,đậu phụ kho lòng heo,bánh dứa caramel,,
bún thịt nướng,cà phê sữa,,,,
gà xào xúp lơ,cá trứng nướng,canh hẹ tàu hủ non,chè hạt sen long nhãn,,
cua om giấm,canh mực chua ngọt,đậu cove xào tỏi,chè táo xọn,,
bánh mì cuộn kem trái cây,nước táo ép,,,,
cá lóc om hoa điên điển,mực xào dưa cải,canh chua tôm ngó sen,mãng cầu giằm,,
sò huyết hấp rượu,tôm cuốn khoai tây vàng giòn,salad ngô non,xoài xay sữa chua,,
canh cà nấu hến,thịt luộc cuốn bánh tráng mè,salad xoài thịt gà,chè đậu đỏ bánh lọt,,
lẩu vịt,dâu giằm đá,,,,
cá trê kho tương,rau bí xào tỏi,canh ngót cá điêu hồng,chè sương sáo,,
mì gói xào sò điệp,sinh tố chuối,,,,
mì xào hải sàn,sữa đậu nành,,,,
hủ tiếu,sinh tố dưa hấu,,,,
cháo cá lóc rau đắng,sinh tố chuối dừa,,,,
mực dồn thịt chiên,gỏi rau nhút,canh bí đỏ nấu sườn,nước ép dưa hấu,,
cánh gà ram me,salad cà sốt trứng chiên chua cay,canh rau muống nấu me chua,bánh flan,,
cháo lòng,nước sâm,,,,
bún thang,nước ép cam,,,,
canh rau ngót nấu cá rô đồng,khổ qua xào trứng,cà tím nhồi thịt rim nước tương,thạch đậụ xanh,,
gà kho chay,xà lách trộn dầu giấm,canh sườn heo đậu đỏ,chè tàu hũ ky,,
cà chua dồn thịt đút lò,hoa mướp xào ức gà,canh bò cải xanh,sữa chua,,
bún thịt nướng,nước ép bưởi,,,,
tôm trộn ba khía,canh cua thiên lý,bò kho ớt,chè trái vải rau câu,,
bún gạo nấu bò viên,sữa tươi,,,,
sandwich kẹp xúc xích,nước ổi ép,,,,
bún gạo xào,sữa đậu nành nóng,,,,
nem bắc,khổ qua xào trứng,canh củ dền hầm sườn,nước ép cóc chín,,
thịt heo kho tàu,giá hẹ ngâm chua,canh cua rau đay,sâm bổ lượng,,
bún chả cá,trái cây ướp lạnh,,,,
thịt ba rọi kho trứng,hoa thiên lý xào bò,canh tôm khoai mỡ,dưa hấu ướp lạnh,,
cá lóc nướng muối ớt,cải xanh luộc cuộn nấm sốt thăn heo xào gừng,canh bí đỏ nấu gà,dưa gang giằm,,
mì quảng,nước trà lipton,,,,
bánh mì cá hộp,cà phê đá,,,,
cà rigà,sữa đậu phộng,,,,
chả lục kep sandwich,sinh tố bơ,,,,
cá lóc kho tiêu,gỏi gà rau đắng,canh rau má thịt bò,mãng cầu ta ướp lạnh,,
súp cua,cà phê sữa,,,,
lươn nướng trộn hành tây,đậu phụ chiên muối sả,canh bò nấu cải cúc,nước ép dưa hấu,,
sườn kho chua ngọt,măng xào tôm,canh riêu cá niền bắc,chè bánh lọt,,
chim cút chiên bơ,canh bí đao nấu thịt viên,bò xào hành cần,"cá hồi áp chảo, salad cà chua khô, và bánh crepe",,
thịt heo luộc mắm thái,mực xào bông hẹ,canh cá rô nấu mẻ,bánh pudding xoài,,
cá kèo chiên xù,gan bò xào tứ xuyên,canh khoai tím nấu tôm,nước ép cốc ổi,,
trái cây giằm,nước mía,,,,
thịt bò xào cần,rau dền luộc,canh dưa leo rong biển sườn non,chè đậu ngự,,
bánh xèo thịt vịt,sữa ca cao,,,,
cá sapa chiên dầu mè,cà tím nướng mỡ hành,canh nấm rơm nấu mướp,chuối cau,,
cá trê chiên mắm gừng,ngọn bí xào tỏi,canh riêu cá điêu hồng,chè sương sáo,,
cánh gà chiên nướng,gỏi khô cá sặt dưa leo,canh khoai lang cải con,chè đậu ngự,,
pizza hải sản,cà phê sữa,,,,
bắp bò hấp hành,rau cải xanh xào,canh nấm tràm thịt băm,dâu giằm đá,,
bánh hỏi heo quay,sữa đậu xanh,,,,
lẩu thái,sinh tố cà chua,,,,
phở gà,nước ép cà rốt,,,,
thịt ba rọi kho trứng,dưa giá,canh khoai mỡ nấu tôm,dưa hấu,,
cháo gà,nước trà atiso,,,,
dưa gang giằm,cải xoong xào ba rọi,canh cải chua nấu chả cả,chè sấu,,
đà điểu xào thiên lý,cải ngồng xào nấm,canh nghêu đậu phụ,bánh chuối nướng,,
chào gà,gỏi gà bắp cải,nho ướp lạnh,,,
gà hầm cam mỹ bánh mì,chè đậu xanh phổ tai,,,,
bồ câu hầm hạt sen,gỏi măng cụt,canh rau ngót nấu bò,nước ép sơ ri,,
gà kho gừng,gỏi sầu đâu,canh gà lá giang,mận ướp lạnh,,
tôm rim ba rọi,cải thìa xào tỏi,canh tôm bí xanh,sinh tố cà chua,,
hủ tiếu nam vang,sinh tố chuối,,,,
ếch chiên giòn,canh rau ngót nấu thịt bò,cải xanh luộc,sinh tố đu đủ,,
mực dồn thịt xốt cam,rau củ luộc chấm tương hạt kho sả,canh tôm bông cải,nước ép nho,,
mực dồn thịt chiên,bắp cải trắng luộc,canh bí đỏ nấu sườn,nước ép nho,,
bún mọc,nước ép lê,,,,
miến vịt,nước sâm,,,,
hủ tiếu xào,nước xá xị,,,,
gà kho tiêu xanh,đậu hũ rim hành lá rau muống luộc,canh sườn nấu củ sen,trái cây giằm,,
mì lạnh trộn bò,sữa chua,,,,
gà kho sả nghệ,rau càng cua trộn thịt bò,canh khổ qua nấu tôm khô,sinh tố cà rốt,,
bánh cuốn,nước bưởi,,,,
bồ câu nướng muối ớt,mướp xào nấm rơm,canh cua rau đay,chuối cau tươi,,
sườn đà điểu nướng mật ong,bò trộn rau càng cua,canh đậu phụ nấu hẹ,nước dừa xiêm,,
thịt cua xao chua ngọt,bông bí xào ba rọi,canh giò heo nấu rau củ,sinh tố mít,,
cháo gà ác hạt sen,nước ép táo,,,,
bánh đa cua,sữa ca cao,,,,
cá điêu hồng kho tương,mướp xào lòng gà,canh khổ qua cá thác lácnước ép táo,,,
vịt khìa,đậu phụ chiên sả,canh tôm bông cải,lê ướp lạnh,,
cá bống kho tiêu,rau muống xào chao,canh khoai mỡ nấu tôm,bánh xu trà xanh,,
cá nục hấp hành,nộm chuối chay,canh rau đắng nấu tôm,sữa chua,,
tôm trộm ba khía,rau muống chẻ trộn tôm,canh bí xanh nấu sườn,chôm chôm ướp lạnh,,
sườn non chua ngọt,gỏi gà rau má,canh tôm khoai môn,dưa hấu ướp lạnh,,
bánh mì cá,sữa tươi,,,,
cá lóc kho nghệ,đọt lanh luộc,canh cua rau đay,chè đậu đỏ,,
bún sứa,nước ép lê,,,,
bao tử hầm tiêu,nộm hoa chuối,canh khoai môn nấu giò heo,lê ướp lạnh,,
cá cơm kho đậu tương,giá xào tim heo,canh giò heo nấu củ,sinh tố mãng cầu,,
đà điểu bít tết bánh mì,trà xanh,,,,
canh đậu ngự hầm xường non,thịt kho củ cải,"đậu luộc, mắm đồng chưnggừng",chè hạt sen,,
gỏi cóc trộn khô mực,bánh xèo ăn kèm rau sống,cơm rượu bắc,,,
hải sâm trộn cải thìa,lẩu tươi,kem dừa,,,
sườn kho chua ngọt,đậu hủ chiên sả,rau đay nấu cua,sinh tố dưa hấu,,
gà xào sa tế,cải thìa xào tỏi,canh khổ qua cá thác lác,nho xanh,,
cá trê chiên giòn mắm gừng,nấm bào ngư xào thịt heo,canh khoai tím nấu mướp,mít ướp lạnh,,
cá điêu hồng chiên xù,đậu que luộc,canh chua gà lá giang,nước ép nho,,
canh astiso nấu hải sản,cá sốt chanh dây,tôm xào hạnh nhân,chè đậu xanh,,
heo giả cầy,bông cải luộc,canh rau đay nấu cua,rau câu trái cây,,
canh chua tôm bông sođũa miền nam,mực trứng kho tộ,hải sản xào rau củ,nước ép thơm,,
cháo trứng thịt nạc,sữa đậu nành,,,,
bún bung,sinh tố bơ,,,,
cá cơm kho tiêu,cải xào tỏi,khoai môn nấu giò,si rô bạc hà nha đam,,
lẩu bò,sinh tố sa-bô-chê,chè mủ trôm,,,
bún riêu,trà gừng,,,,
salad trái cây,mì xào dòn,bánh flan,,,
bún gạo xào hải sản,nước ép táo,,,,
gà hầm sả,rau muống luộc,canh khoai môn hầm giò,nho xanh,,
hamburger bò,nước ép bưởi,,,,
thịt kho trứng cút,dưa giá,canh cải mầm nấu tôm viên,sinh tố sa bô chê,,
thịt heo kho tiêu,hoa mướp xào thịt gà,canh chua cá lăng,nước ép cà chua,,
thịt bò xào cần,gân đà điểu tiềm rau củ,canh ngót cá khoai,sinh tố đu đủ,,
bồ câu rim sả ớt,cải chua xào chả cá,canh bắp cải cuộn thịt,sữa đậu nành,,
miến xào cua,nước mơ ngâm,,,,
cá trắm hấp cải xanh,nấm bào ngư xào mè,canh chuối già nấu mẻ,dưa hấu ướp lạnh,,
ba rọi chiên nước mắm,xà lách trộn dầu giấm,bí đỏ nấu sườn heo,chuối cau,,
cá lóc kho tộ,cà tím nướng mỡ hành,đậu phụ hẹ nấu thịt bằm,nước ép táo,,
bò xào chua ngọt,đọt bí xào tỏi,canh cải xanh nấu gừng,nước ép táo xanh,,
nấm nướng giấy bạc,bắp cải luộc,canh khoai nấu sườn,chè táo xọn,,
miến gà,sữa đậu nành,,,,
canh chua cá lóc,cá thu  kho gừng,mực xào thơm,lipton sữa thạch,,
bún gạo xào hải sản,cà phê sữa,,,,
phá lấu bánh mì,mãng cầu giằm sữa,,,,
cơm chiên hải sản,cà chua ép,,,,
canh tôm nõn cải dún,cánh gà chiên xốt tương java,xà lách cà chua,bánh khoai mì,,
vịt kho gừng,tim heo xào chua ngọt,canh gà lá giang,mận ướp lạnh,,
đùi gà chiên tỏi ớt,dưa món,canh cá điêu hồng chua ngọt,sấu ngăm đường giằm đá,,
cháo lòng,sữa ca cao nóng,,,,
tôm xào sa tế,bò xào hành cần,canh chua hải sản,sữa chua,,
thịt heo quay,cà chua xào đậu phụ,canh cải xanh nấu bò,chè hạt sen,,
tôm ghim tỏi và laghim,nấm bào ngư xào thịt heo,canh khổ hoa dồn thịt lợn,chè mủ trôm,,
cá trê kho tương,rau bí xào tỏi,canh gà nấu lá giang,mứt thơm,,
cá cơm kho thịt miền nam,gỏi gà bắp cải,canh mồng tơi nấu cua,chè đậu xanh,,
cơm tấm,nước rau má đậu xanh,,,,
canh cá lóc nấu bầu,lươnnướng lá dứa,rau muống xào,chè khoai cao,,
vịt kho chao,rau cải xanh luộc,canh riêu nấu ngao,na ướp lạnh,,
súp hoành thánh hải sản,nước mía,,,,
ba rọi chiên nước mắm,rau muống xào tỏi,canh súp,nước ép lê,,
canh cá thu nấu ngót,cá kho dưa hường,tôm nõn xào rau củ,nước ép chanh dây,,
gỏimắm,cải bó xôi xào tỏi,canh bông cải nấu thịt bằm,nước ép cà chua,,
hủ tiếu nang vang,trà lipton,,,,
cháo cá kim châm,nước bí đao,,,,
cá rô kho tộ,rau lang luộc,canh bí đỏ thịt bằm,nước sâm lạnh,,
canh giò heo nấu măng,thịt nạc kho tiêu,đọt bí xào tỏi,trái cây ướp lạnh,,
khoai tây nhồi thịt heo chiên,hoa thiên lý trộn bò,bí đao xào tôm thịt,sữa chua,,
bún thang,nước mía,,,,
spaghetti trộn trứng cá cay,sinh tố xoài,,,,
ếch rim sả ớt,xà lách trộn dầu giấm,canh chua cua nấu măng,sinh tố cà chua,,
tép rang,bắp cải luộc,rau dền nấu thịt bò,nước ép cà rốt,,
cá thu chiên xốt cà,nấm mỡ xốt thịt ham,canh khoai tím nấu tôm,sơ ri ướp lạnh,,
cháo bồ câu,trà lipton nóng,,,,
canh mướp nấu nấm rơm,bò rim ngũ vị,dưa khổ qua đèo,chè bắp,,
cá chép kho riềng,cải ngọt luộc,bí ngô nấu sườn,nước ép nho,,
cá chẻm muối sả chiên,rong chân vịt trộn gà,canh bí xanh nấu tôm,bánh flan ca cao,,
bánh đa cua,trà chanh,,,,
cơm chiên bí đỏ,nước ép dưa hấu,,,,
phở nghêu sa tế,sữa đậu phộng,,,,
bánh cuốn nóng,cà phê sữa,,,,
tôm rim thịt,cải chua trộn mắm gừng,canh chua cá ba sa,chè bà ba,,
súp cua,ca cao sữa,,,,
thịt cua xào chua ngọt,giá xào tim heo,canh điêu hồng nấu ngót,sinh tố mít,,
canh tôm nõn nấu bí đao,tôm rang trứng muối,gỏi bắp bò cần tây,mít ướp lạnh,,
súp cua bắp non,bún bò giò heo,chè hoa cúc táo đỏ,,,
súp tương miso trứng nấm,sinh tố cà chua,,,,
bánh mì jambon,trà lipton nóng,,,,
cá kèo kho rau răm,bắp cải luộc,canh rau má nấu thịt bò,chuối cau,,
ốc dừa xào bơ,bông cải xào tôm,canh mướp nấu nấm,táo xanh,,
cá nục hấp hành,sò huyết rang me,canh cải xanh cuộn thịt,lê chưng mật ong,,
cá nục kho me,cá lóc cuộn nấm nướng sốt chanh,canh gà lá giang,dâu tươi giằm,,
bánh đa cua,nước cam,,,,
mì xào bò,sữa tươi,,,,
mắm thái trộn thịt ba chỉ,canh khoai mỡ nấu tôm khô,bông cải sauce tôm,bánh khoai mì,,
gỏi khô bò,canh cải chua hải sản,rau dền luộc,bánh su nhân trà xanh,,
cá bông lau kho,canh bầu tôm nõn,mướp xào nấm,chè bo bo nấu phổ tai,,
nộm gân bò trộn cần tây,"chả cá lã vọng,  ăn kèm bún, thì là, hành tước sợi",,,,
cá lóc kho tiêu,gỏi sứa,canh khoai mỡ nấu tôm,chè hạt sen táo tàu,,
cháo gà,sữa đậu nành,,,,
cá thác lác chiên xù,gan heo xốt tỏi,canh cua rau đay,nước ép cà chua,,
cá kèo kho rau răm,thanh cua xào chua ngọt,canh tôm nấu đậu phụ,rau câu dừa,,
cháo mực,nước ép mận,,,,
gân hầm xốt x.o,phèo non cải chua,canh chua cá lóc,sinh tố mãng cầu,,
phở gà,sinh tố mãng cầu,,,,
giá hẹ xào tim heo,canh hến nấu thì là,cà tím nướng mỡ hành,đu đủ ướp lạnh,,
bánh mì cá hộp,sữa đậu nành,,,,
cháo trắng cá cơm kho,nước sprite,,,,
cá thu chiên xốt tiêu,canh cá thu nấu ngót,bó xôi xào tỏi,chè xoài trân châu,,
bún gạo xào tôm,cocacola,,,,
thịt kho nghệ,canh bông cải nấu thịt băm,cải ngọt xào tỏi,dưa hấu ướp lạnh,,
bánh canh ghẹ,cà phê đá,,,,
cua rang me,bông hành xào tôm thẻ,canh cá thác lác nấu cải thìa,chè hạt sen,,
lẩu cá thu,dưa hấu ướp lạnh,,,,
ba rọi kho cà tím,cải xoong xào bò,canh khoai môn nấu sườn,thạch dừa,,
thịt heo nướng tiêu,salad nga,canh cá điêu hồng nấu ngót,bánh su jambon,,
vịt nướng xốt me,cật heo chấy tỏi,canh rau má nấu thịt,bánh flan,,
bún cá,nước chanh dây,,,,
chả cá thác lác chiên,canh khổ qua dồn thịt,đọt su su luộc,sinh tố xoài,,
ba rọi kho tiêu,mướp xào lòng gà,canh bí xanh nấu tôm nõn,chè đậu ngự,,
cá bống kho tiêu,rau lang luộc,canh cải xooang nấu bò,thanh long ướp lạnh,,
thịt heo quay,mì ý xào bò,bông cải luộc,nước ép táo,,
bánh canh cá,trà chanh nóng,,,,
thịt kho trứng,cải chua xào tôm,canh khoai môn nấu thịt,cóc chín ướp lạnh,,
cá trê kho me,đậu que xào ba rọi,canh cá diêu hồng nấu ngót,sinh tố sầu riêng,,
bánh canh cua,chè thập cẩm,,,,
giò heo rút xương chiên,phèo non xào cải chua,canh chua cá lóc,sinh tố mãng cầu,,
bún bò,sinh tố mít,,,,
xá xíu kho nước tương,cải rổ xào tỏi,canh giá hẹ,sâm bổ lượng,,
cháo hến,sữa đậu nành,,,,
bún giò heo,cà phê sữa,,,,
cá lóc kho gừng,gỏi sứa,canh khoai mỡ nấu tôm,chè hạt sen táo tàu,,
lòng gà rim nước dừa,rau muống xào,canh khổ qua tôm nõn,sinh tố bơ,,
tép xào khế chua,canh cá giấm mẻ,nộm hoa chuối trộn nghêu,chè khoai môn,,
gân bò kho,lẩu vịt quay thập cẩm,giá hẹ xào gan,lê ướp lạnh,,
trứng chiên thịt băm,canh măng nấu sườn,cải ngồng xào tỏi,bánh hạnh nhân,,
củ hũ dừa xào tôm,cà xào thịt bằm,canh khoai lang thịt bằm,nước bí đao,,
ếch chiên sả ớt,măng tây sốt hấp trứng,canh chua tôm hoa chuối,chè đậu xanh đánh,,
tép rang thịt ba chỉ,canh khoai môn nấu tôm khô,đậu rồng xào tỏi,đu đủ ướp lạnh,,
tôm càng sốt trứng muối,bò xào cần,canh rong biển,nước ép bưởi,,
sữa bắp,bún bò,,,,
bánh ướt chả lụa,sữa đậu nành,,,,
cá chép kho dưa,đầu cá chép nấu riêu thì là,rau ngổ luộc chấm nước cá kho,bánhphô mai sầu riêng,,
mì xào tôm,cà phê sữa đá,,,,
súp khoai tây,trà chanh,,,,
cá điêu hồng chiên xù,rau lang luộc,canh khoai mỡ nấu tôm,sơ ri ép,,
tôm rim thịt,rau càng cua trộn thịt bò,canh chua cá lóc,dưa hấu,,
sâm dứa sữa,đùi gà nướng mẻ,,,,
thịt bò nhúng giấm,bún bánh tráng rau sống,sinh tố cà chua,,,
lẩu mắm,sinh tố đu đủ,,,,
cá chẻm xốt chanh dây,canh điêu hồng nấu nghệ,rau muống luộc,bánh flan rau câu,,
thịt kho tàu,gỏi mít tôm thịt,canh chua cá đuối,lê ướp đá,,
thịt gà viên nướng mèđen,bí ngòi xào tỏi,canh rau muống nấu me,rau câu hạnh nhân,,
canh astiso nấu hải sản,cá sốt chanh dây,tôm xào hạnh nhân,chè đậu xanh,,
tép rang thịt ba chỉ,bò trộn càng cua,canh giò sống nấu ngót,bánh chuối hấp,,
sò dương xào rau muống,hàu nướng phô mai,canh cải cúc nấu thịt bò,chè trôi nước,,
canh mướp nấu nấm rơm,bò rim ngũ vị,dưa khổ qua đèo,chè bắp,,
bánh đa cua,trà chanh,,,,
miến gà,sữa đậu nành,,,,
canh cá thu nấu ngót,cá kho dưa hường,tôm nõn xào rau củ,nước ép chanh dây,,
gà hấp cải xanh,trứng đút hẹ,canh cải chua tôm,salad rau củ,,
hàu chiên trứng,su hào luộc,giò heo hầm rau củ,thanh long ướp lạnh,,
bánh mì thịt quay,sữa chua dâu tây,,,,
bánh hỏi thịt quay,nước mơ,,,,
cháo hến,nước ép bưởi,,,,
cua rang me,bông hành xào tôm thẻ,canh cá thác lác cải thìa,kiwi tươi,,
bắp bò kho nghệ,cải thìa xào nấm,"canh óc heo táo đỏ, củ sen",chè đậu xanh bột báng,,
cá điêu hồng kho thơm,canh chua cá thác lác,ngồng cải luộc,kem tươi trà xanh trái cây,,
cơm tấm bì chay,sữa đậu nành,,,,
cơm chiên hải sản,yoghurt đá,,,,
muối sả mắm ruốc kho,đậu bắp luộc,canh chua tôm cá lóc,tàu hũ đá,,
cháo đậu đỏ,nước cam vắt,,,,
xôi chiên gà rôti,sinh tố dừa,,,,
canh rau muống nấu hến,mực trứng kho tộ,hải sản xào rau củ,nước ép thơm,,
gà nấu lá giang,tôm xốt me,canh khoai mỡ,chè củ năng hạt lựu,,
cá bống kho tộ,đậu bắp xào nấm hương,cà tím dồn thịt,rau câu dừa,,
cá thu xốt xoài,bông cải xào tôm,khổ qua xào trứng,dưa gang giằm,,
cá chạch kho gừng,bông bí nhồi thịt,thác lác nấu riêu,chè đậu xanh viên nướcdừa,,
trứng chiên hẹ với thịt gà,gỏi sứa,canh hẹ,chè chuối,,
bún chả cá,chè mè đen,,,,
gỏi xoài tôm thịt,bò xốt ngũ vị,canh gà nha đam,nước ép táo,,
bánh mì cá ngừ,nước ép cà rốt,,,,
ốc nấu chuối xanh,salad táo,khổ qua nhồi thịt,sinh tố xoài,,
bò nướng lá lốt,súp nấm tuyết,tôm hấp hành,trái cây thập cẩm,,
tôm chiên củ sen,thịt kho củ cải,bò xào nấmbắp non  cà rốt,chè hạt sen,,
canh tôm nõn nấu bí đao,trám nhồi thịt,salad rau mầm,mít ướp lạnh,,
ốc nhồi thịt,canh tần ô thịt bò,gỏi hoa chuối bò khô,sinh tố sa-pô-chê,,
há cảo,nước sâm,,,,
thịt ba chỉ kho tàu,rau muống luộc,canh cua khoai môn,khoai lang luộc,,
lẩu cháo ( phúc kiến ),nước mía,,,,
"lẩu sụn cá hồi, ăn kèm bún, nấm, rau các loại",chè củ năng cơm dừa,,,,
mì xào bò,nước ép thơm,,,,
cháo cá lóc,nước ép ổi,,,,
bí đao xào thịt,ức gà xào nấm,canh củ sen hầm,nho tươi,,
đậu phụ tẩm hành,canh đậu,thịt rán,dưa muối,rau muống luộc,tôm đồng rim
cá trứng rim tiêu,canh cải nấu tôm,thịt viên nấm sốt cà chua,bánh mỳ cuộn tôm chiên,tôm rim,gà rang gừng
súp lơ xào,canh rau muống,cá rô phi tẩm bột chiên,thịt luộc,tôm băm rim,lạc rang muối
củ cải luộc,canh bí nấu nước dùng gà,lạc rang muối,giò me,thịt rán,ngô ngọt xào bơ
canh mùng tơi ngao,cuống họng luộc,cá thu rim dầu hào,khoai môn lệ phố,đậu phụ tẩm hành,
thịt luộc,canh trứng cà chua,đậu phụ trứng sốt cà,bắp cải xào,dưa muối,thịt đông
dưa muối,canh thiên lý nấu mọc,sườn nướng sốt bbq,giả cầy,cá rô phi chiên,súp lơ xào
giới thiệu mâm cơm hàng ngày cho gia đình,canh cá,súp lơ xào,cá chim chiên giòn,cà tím nhồi thịt nướng,
váng đậu cuộn thịt,canh bí xanh,cá chim chiên giòn,mực xào ớt chuông,cải ngồng luộc chấm mắm,
,canh chua cá,dưa muối,chả đậu phụ,tôm rim,rau lang xào
trứng cút sốt chua ngọt,canh sườn nấu chua,cá điêu hồng hấp xì dầu,"xu hào xào, ",bí đỏ xào tỏi,thịt viên nấm sốt cà chua
trứng chiên,cá thu chiên,thịt viên,mùng tơi luộc,dưa chuột cắt lát,
món cực ngon cho gia đình,lặc lè (lặc lầy) luộc,cá thu sốt cà chua,thịt nướng,đậu quả xào,
lạc rang muối,canh cải cúc thịt băm,thịt nướng sốt bbq,trứng cút luộc,rau muống xào tỏi,cá rô phi tẩm bột chiên
cải ngồng luộc chấm mắm,mực chiên mắm,bí đỏ xào tỏi,củ cải luộc,thịt đông,
giới thiệu mâm cơm hàng ngày cho gia đình,dưa chuột ngâm chua ngọt,cá chim sốt cà chua,nem lụi,miến xào cua,củ cải luộc
bì nấu đông,bò kho gừng sả,su hào xào trứng,bắp giò luộc,su hào ngâm chua ngọt,
canh bí nấu mọc,thịt nướng,cải mèo xào thịt bò,xu hào ngâm chua ngọt,,
rau cải xào,canh sườn nấu chua,cá quả kho tộ,sườn nướng,củ cải xào,váng đậu cuộn thịt
giá xào thịt bò,thịt rang cháy cạnh,giá xào lòng gà,rau cải luộc,tôm rim,giò me
thịt đông,canh rau ngót,cá lanh kho khô,dưa chuột trộn chua ngọt,đậu quả xào,sườn nướng
,canh đậu thịt viên,súp lơ xào cà rốt,lạc rang muối,cá thu sốt tỏi,thịt viên sốt nấm
canh su hào thịt bằm,bò xào cần tỏi,đậu quả xào tỏi,thịt xào hành,,
canh bí xanh nấu thịt,bò xào cần tỏi,cá kho thịt,dưa chuột cắt lát,"hoa quả (xoài, đu đủ...?)",
giò me,canh bắp cải,tôm băm rim,cà tím tẩm bột chiên giòn,ngọn su su xào,thịt luộc
thịt đông,canh ngao chua,cá bạc má kho,su hào xào trứng,gà chiên nước mắm,đậu nhồi thịt sốt cà chua
su su luộc chấm muối vừng,ruốc cá,thịt kho tàu,cá trứng rim tiêu,,
gà luộc,canh bí nấu nước dùng gà,cá thu rim mắm tỏi,rau cải xào,,
canh rau cải,chả đậu phụ,mực chiên mắm tỏi,nấm xào,thịt xào hành,
đậu nhồi thịt sốt cà chua,canh mướp thịt băm,cá rô phi tẩm bột chiên,móng giò luộc,bao tử cá basa xào,"thịt bò xào ớt chuông, cần tỏi"
